description,summary,Consistency_0,Relevance_0
Reddit's largest humor depository,The r/funny subreddit is Reddit's largest humor depository.,5,5
r/AskReddit is the place to ask and answer thought-provoking questions.,r/AskReddit is a subreddit for asking and answering thought-provoking questions.,5,5
The Number One Gaming forum on the Internet.,The r/gaming subreddit is described as the top gaming forum online.,5,5
"A place for major news from around the world, excluding US-internal news.","The r/worldnews subreddit is for major global news, excluding US-internal news.",5,5
"You learn something new every day; what did you learn today?
Submit interesting and specific facts about something that you just found out here.",The r/todayilearned subreddit is a platform for sharing interesting and specific facts that users have recently discovered.,5,5
Reddit’s #1 Music Community,r/Music is Reddit's top community for music enthusiasts.,5,5
"The goal of /r/Movies is to provide an inclusive place for discussions and news about films with major releases. Submissions should be for the purpose of informing or initiating a discussion, not just to entertain readers. Read our extensive list of rules for more information on other types of posts like fan-art and self-promotion, or message the moderators if you have any questions.","The r/movies subreddit is a platform for discussions and news about major film releases, emphasizing informative and discussion-initiating submissions.",5,5
"This community is a place to share and discuss new scientific research. Read about the latest advances in astronomy, biology, medicine, physics, social science, and more. Find and submit new publications and popular science coverage of current research.",The r/science subreddit is a platform for sharing and discussing new scientific research across various fields.,5,5
The place for news articles about current events in the United States and the rest of the world. Discuss it all here.,The r/news subreddit is a platform for discussing news articles about current events globally and in the United States.,5,5
"Ask a science question, get a science answer.",The r/askscience subreddit provides science-based answers to science-related questions.,5,5
"This is a moderated subreddit. It is our intent and purpose to foster and encourage in-depth discussion about all things related to books, authors, genres, or publishing in a safe, supportive environment. If you're looking for help with a personal book recommendation, consult our Weekly Recommendation Thread, Suggested Reading page, or ask in r/suggestmeabook.","The r/books subreddit is a moderated community aimed at fostering in-depth discussions about books, authors, genres, and publishing in a supportive environment, with resources available for personal book recommendations.",5,5
"Explain Like I'm Five is the best forum and archive on the internet for layperson-friendly explanations.


Don't Panic!","r/explainlikeimfive is a subreddit providing simple, layperson-friendly explanations.",5,5
Tips that improve your life in one way or another.,A subreddit offering tips to enhance various aspects of life.,5,5
"I Am A, where the mundane becomes fascinating and the outrageous suddenly seems normal.",r/IAmA is a subreddit where ordinary and extraordinary experiences are shared and discussed.,4,5
/r/TIFU means Today I Fucked Up,"/r/TIFU stands for ""Today I Fucked Up.""",5,5
Subreddit dedicated to the news and discussions about the creation and use of technology and its surrounding issues.,r/technology is a subreddit focused on news and discussions about technology and related issues.,5,5
"Need help with your relationship? Whether it's romance, friendship, family, co-workers, or basic human interaction: we're here to help!","The r/relationship_advice subreddit offers help with various types of relationships, including romance, friendship, family, and more.",5,5
A community for NBA discussion.,The r/nba subreddit is a community for NBA discussion.,5,5
"r/travel is a community about exploring the world. Your pictures, questions, stories, or any good content is welcome. 


Clickbait, spam, memes, ads/selling/buying, brochures, referrals, classifieds, surveys or self-promotion will be removed.","r/travel is a community for sharing travel experiences and content, excluding clickbait, spam, and self-promotion.",5,4
"A place for the pursuit of physical fitness goals.

Please see the r/Fitness Wiki and FAQ at https://thefitness.wiki for help with common questions.","r/Fitness is a subreddit dedicated to achieving physical fitness goals, with resources available in its Wiki and FAQ.",5,4
Reddit's premier anime community.,r/anime is Reddit's leading community for anime enthusiasts.,5,5
The place to discuss all NFL related things,A subreddit dedicated to discussions about all things related to the NFL.,5,5
Reddit's Gold Mine,The r/AdviceAnimals subreddit is a popular section on Reddit known for its humorous image macros featuring animals.,2,3
/r/Politics is for news and discussion about U.S. politics.,The r/politics subreddit is a platform for news and discussion about U.S. politics.,5,5
"The football subreddit. 

News, results, and discussion about the beautiful game.","The r/soccer subreddit is a platform for news, results, and discussion about football.",5,5
"Planning on building a computer but need some advice? This is the place to ask!


 /r/buildapc is a community-driven subreddit dedicated to custom PC assembly. Anyone is welcome to seek the input of our helpful community as they piece together their desktop.",The r/buildapc subreddit is a community-driven platform for seeking advice on custom PC assembly.,5,5
"Bitcoin is the currency of the Internet: a distributed, worldwide, decentralized digital money. Unlike traditional currencies such as dollars, bitcoins are issued and managed without any central authority whatsoever: there is no government, company, or bank in charge of Bitcoin. As such, it is more resistant to wild inflation and corrupt banks. With Bitcoin, you can be your own bank.","The r/Bitcoin subreddit describes Bitcoin as a decentralized digital currency that operates without a central authority, offering resistance to inflation and corrupt banking practices.",5,5
"r/Cars is the largest automotive enthusiast community on the Internet. We're Reddit's central hub for vehicle-related discussion, industry news, reviews, projects, DIY guides, advice, stories, and more.",r/Cars is Reddit's largest automotive enthusiast community for vehicle-related discussions and resources.,5,5
Computer Programming,The r/programming subreddit is focused on discussions and content related to computer programming.,4,5
The subreddit for everything makeup related.,r/MakeupAddiction is a subreddit dedicated to all things related to makeup.,5,5
"Reddit's largest men's fashion community. Making clothing less intimidating and helping you develop your own style. We welcome those who want to learn and those who want to contribute. We aim to foster an environment where everybody feels safe and welcomed and where people feel encouraged to have healthy and productive discussions. Note this sub focuses on clothing not hair style, skincare, etc.",The r/malefashionadvice subreddit is a welcoming community focused on helping men develop their personal clothing style through supportive and productive discussions.,5,5
"Frugality is the mental approach we each take when considering our resource allocations. It includes time, money, convenience, and many other factors.","Frugality involves a mindset focused on careful resource allocation, including time, money, and convenience.",5,5
An unofficial community about Apple and all of its devices and software.,The r/apple subreddit is an unofficial community focused on Apple and its products.,5,5
"Reddit's largest economics community. Serving as a central forum for users to read, discuss, and learn more about topics related to the economic discipline. We have written rules to support this aim and welcome those who want to learn and those who want to contribute. We aim to foster an environment where everybody feels safe and welcomed and where people feel encouraged to have healthy and productive discuss","The r/Economics subreddit is a large community for discussing and learning about economics, with rules to ensure a welcoming and productive environment.",5,5
"For the United Kingdom of Great Britain (England, Scotland, Wales) and Northern Ireland; News, Politics, Economics, Society, Business, Culture, discussion and anything else UK related.","The r/unitedkingdom subreddit is a platform for discussions and content related to the United Kingdom, covering topics such as news, politics, economics, society, business, and culture.",5,5
"Details in Movies, Movie Details!",The r/MovieDetails subreddit focuses on sharing and discussing intricate details found in movies.,4,5
The home of college football on reddit.,r/CFB is the subreddit dedicated to college football.,5,5
Braaaap,"The r/motorcycles subreddit is a community for motorcycle enthusiasts to share experiences, advice, and discussions related to motorcycles.",2,3
"The goal of /r/Games is to provide a place for informative and interesting gaming content and discussions.

Submissions should be for the purpose of informing or initiating a discussion, not just with the goal of entertaining viewers. Memes, comics, funny screenshots, arts-and-crafts, etc. will be removed.","The r/Games subreddit focuses on informative and discussion-driven gaming content, excluding entertainment-focused submissions like memes and comics.",5,5
A subreddit for all things Mixed Martial Arts.,The r/MMA subreddit is dedicated to discussions about Mixed Martial Arts.,5,5
"The biggest and best place on the internet for fantasy football discussion, strategy, and advice.

Home of AMAugust where the biggest names in the industry answer your questions.","The r/fantasyfootball subreddit is a leading online community for fantasy football discussion, strategy, advice, and features AMAugust with industry experts answering questions.",5,5
"r/teenagers is the biggest community forum run by teenagers for teenagers. Our subreddit is primarily for discussions and memes that an average teenager would enjoy to discuss about. We do not have any age-restriction in place but do keep in mind this is targeted for users between the ages of 13 to 19. 

Parents, teachers, and the like are welcomed to participate and ask any questions!","r/teenagers is a large community forum for teenagers to discuss topics and share memes, primarily targeting users aged 13 to 19, but open to all.",5,5
"This is a subreddit dedicated to Marvel Comics, its publications and hundreds of characters. It is not affiliated with Marvel Entertainment, LLC and is an unofficial community owned and operated by dedicated fans.",The r/Marvel subreddit is an unofficial fan community focused on Marvel Comics and its characters.,5,5
"Android news, reviews, tips, and discussions about rooting, tutorials, and apps. General discussion about devices is welcome. Please direct technical support, upgrade questions, buy/sell, app recommendations, and carrier-related issues to other subreddits.","The r/Android subreddit focuses on Android news, reviews, tips, discussions, and general device talk, while directing technical support and other specific queries to different subreddits.",5,5
"Welcome to r/atheism, the web's largest atheist forum. All topics related to atheism, agnosticism and secular living are welcome.

If you wish to learn more about atheism, please begin by reading the [FAQ](https://www.reddit.com/r/atheism/wiki/faq).

If you are a theist, please be aware that proselytizing in any form is strictly prohibited.  

* Feel free to join our [Discord](https://discord.gg/gYPuj8R.","r/atheism is a large online forum for discussing topics related to atheism, agnosticism, and secular living, with a strict rule against proselytizing.",5,5
World of Warcraft on Reddit!,The r/wow subreddit is dedicated to discussions about World of Warcraft.,4,5
"Stumped on a tech problem? Ask the community and try to help others with their problems as well.

Note: Reddit is dying due to terrible leadership from CEO /u/spez. Please use our Discord server instead of supporting a company that acts against its users and unpaid moderators.","The r/techsupport subreddit encourages users to seek help for tech issues and assist others, while also suggesting using their Discord server due to dissatisfaction with Reddit's leadership.",5,5
"The BEST subreddit for America's pastime: baseball. The focus is mainly on MLB, but posts about other leagues and levels are welcome!

Mike Trout


**For the best user experience, we recommend disabling the Reddit redesign.**",The r/baseball subreddit primarily focuses on MLB but welcomes posts about other baseball leagues and levels.,5,5
"Discuss the NHL, PWHL, IIHF, and all other hockey you can think of!

We are the premier subreddit to talk everything hockey!","The r/hockey subreddit is a leading platform for discussing all aspects of hockey, including the NHL, PWHL, and IIHF.",5,5
A dusty corner on the internet where you can chew the fat about Australia and Australians.,A subreddit for discussing topics related to Australia and Australians.,5,5
Welcome to /r/singapore: The place for anything Singapore.,/r/singapore is a subreddit dedicated to all things related to Singapore.,,
Reddit's largest professional wrestling community!,r/SquaredCircle is Reddit's largest professional wrestling community.,,
"Offbeat: funny, weird, sad, strange or quirky news that's just....just offbeat :)","The r/offbeat subreddit features news that is funny, weird, sad, strange, or quirky.",,
/r/Christianity is a subreddit to discuss Christianity and aspects of Christian life. All are welcome to participate.,"The r/Christianity subreddit is a platform for discussing Christianity and Christian life, open to everyone.",,
"Community, friends, gifting and fun! Random Acts with an Amazon Wishlist.  Gift, get gifted, be merry, and have fun. 

We are NOT a needs-based subreddit.","The r/Random_Acts_Of_Amazon subreddit focuses on community, gifting, and fun through Amazon Wishlists, emphasizing that it is not needs-based.",,
A place to respectfully discuss and debate religion,A subreddit for respectful discussion and debate about religion.,5,5