subreddit,avg_normalized_entropy,story_count,author_centric_avg_normalized_entropy,reader_centric_avg_normalized_entropy,overall_goal_entropy,narrative_intent_entropy,author_emotional_response_entropy,character_appraisal_entropy,causal_explanation_entropy,prediction_entropy,stance_entropy,moral_entropy,narrative_feeling_entropy,aesthetic_feeling_entropy,overall_goal_normalized_entropy,narrative_intent_normalized_entropy,author_emotional_response_normalized_entropy,character_appraisal_normalized_entropy,causal_explanation_normalized_entropy,prediction_normalized_entropy,stance_normalized_entropy,moral_normalized_entropy,narrative_feeling_normalized_entropy,aesthetic_feeling_normalized_entropy
singapore,0.6944360723695874,45,0.8412993948754549,0.6314946484385012,2.5009038015881884,2.510578805126318,3.1108289005297247,1.6928084611659904,1.3497042626097349,1.1897277745803976,0.7156081959922707,2.921808584193412,2.795567334160214,1.9964720772015647,0.7889473096209785,0.894286214187065,0.840664660818321,0.6548677053124479,0.6748521313048674,0.4237895840075705,0.4514985027511186,0.8795520254307259,0.6704118978622566,0.6654906924005216
SquaredCircle,0.6820165024001826,45,0.770639980956583,0.6440350115902967,2.3541505340524465,2.2727968380968253,2.8111558404965153,1.593842773689075,1.5176170262239173,2.0987056268454523,0.2623112196143366,3.002924542754115,2.64081231118232,2.047529878495978,0.7426518081599125,0.809586568566477,0.7596815661433591,0.6165825512921068,0.7588085131119586,0.7475740279063969,0.16549995315030186,0.9039703620845341,0.63329971408812,0.6825099594986593
hockey,0.6813807001994701,45,0.778652062465642,0.6396929735139679,2.3395659559458397,2.2489605881713537,2.9485450640071114,1.6724126307493308,1.334062540434721,2.089764077513804,0.15374218032876188,3.1254075996373833,2.819987763004153,2.1160285988897853,0.7380508860245399,0.8010959250293209,0.7968093763430651,0.6469775210598835,0.6670312702173605,0.7443889837705829,0.09700051594836431,0.9408414361670154,0.6762682211379732,0.7053428662965952
offbeat,0.6761947112730889,45,0.6087412036946324,0.7051033573781418,2.078456136921913,1.2242089039619297,2.717868220306935,2.021677479344944,1.5173676756532049,2.1715406360098917,0.5216390476776428,3.0239895358481954,2.7652768959761946,2.1565579443971044,0.6556799091386131,0.43607201011287383,0.7344716918324102,0.7820916082074436,0.7586838378266024,0.7735183816438489,0.32911759580450495,0.9103115568643069,0.6631478731679175,0.7188526481323682
news,0.6758277213053929,45,0.77728724730484,0.6323450673056301,2.4021125535833256,2.2470749038771647,2.8628650609359583,1.5510754569782643,1.5328517868237637,2.1169536047452153,0.15374218032876188,2.653987778118488,2.8042619008734126,2.212350556617854,0.7577821407416161,0.8004242307311141,0.7736553704417897,0.600037894764641,0.7664258934118818,0.7540740887844809,0.09700051594836431,0.7989299293392677,0.67249696335149,0.7374501855392847
movies,0.6717157456185266,45,0.7708752096877028,0.6292188324460225,2.4294874019365404,2.3082185202388983,2.6791318952279854,1.5045039047620745,1.3905435605914769,1.8912094478523847,0.15374218032876188,3.0594733363424576,2.79048161331212,2.299170151197808,0.766417943904391,0.8222040263249393,0.7240036588337782,0.5820215590525379,0.6952717802957384,0.6736623976516136,0.09700051594836431,0.9209932451732361,0.6691922786013983,0.7663900503992694
Marvel,0.67149966681236,45,0.7146221285460959,0.653018611783616,1.9379886000578266,2.185484846931392,2.790182024866707,1.4659387488634044,1.486250886865845,2.20316355847718,0.3067556640587811,2.966056840485577,2.667945198955236,2.2496992581744686,0.6113673349293892,0.7784854097926375,0.7540136409162609,0.5671025202316997,0.7431254434329225,0.7847826939040569,0.19354127553125555,0.892872077830495,0.6398065188300593,0.7498997527248229
australia,0.6684906428022178,45,0.7908688138935757,0.616042855191636,2.63136695195163,2.14340256709683,2.8826691508104743,1.4177421236449308,1.3565821003779601,1.734029217997794,0.15374218032876188,2.964493679225423,3.118176435690615,2.192094383971706,0.8301038512754595,0.7634953992656756,0.7790071911395916,0.548457520466702,0.6782910501889801,0.6176736701061176,0.09700051594836431,0.8924015194031288,0.7477775822375909,0.7306981279905687
Music,0.6672309998773669,45,0.8235629815899972,0.6002315791433823,2.5986190479379347,2.5241106884680766,2.782025877522393,1.486250886865845,1.2273864548329312,1.5437621298581867,0.2623112196143366,3.0055088212690633,2.7585560884869755,2.193851797728223,0.8197730377707884,0.8991063682885069,0.7518095387106961,0.5749603278388793,0.6136932274164656,0.5498991658406739,0.16549995315030186,0.9047483074346834,0.6615361397465983,0.7312839325760744
MMA,0.6662710475388762,45,0.6749197965099953,0.6625644408369681,2.006319086781084,1.7965494231699004,2.7823323878570445,1.6586640015100087,1.720143306855007,2.2179281842602196,0.15374218032876188,3.0252884201695474,2.9466527811189063,1.89549449985314,0.6329232035042505,0.63994381652789,0.7518923694978453,0.6416588252430249,0.8600716534275035,0.7900419597229359,0.09700051594836431,0.9107025600059314,0.7066440715599693,0.6318314999510467
anime,0.6656244726431232,45,0.7742527014293161,0.6190695174490405,2.390588094153863,2.2217801149058736,2.875972426114747,1.5292497850518394,1.4323591457496478,1.9463428481260163,0.15374218032876188,2.8233426860644664,2.804722524429304,2.1386771602940406,0.7541465785676785,0.7914140451031595,0.7771974806171104,0.5915945723101234,0.7161795728748239,0.6933013110787847,0.09700051594836431,0.8499108365439194,0.6726074266225877,0.7128923867646803
CFB,0.665426283750505,45,0.8061770954404736,0.605104507311947,2.4091913964273415,2.45944219305565,2.8953906805248377,1.2782863227318937,1.4323591457496478,2.1714778354998376,0.0,3.0278664770219312,2.6579649248316866,2.1079666714054435,0.760015267027189,0.8760709854431382,0.7824450338510935,0.4945086523983523,0.7161795728748239,0.7734960116508136,0.0,0.911478632449026,0.6374131246754648,0.7026555571351478
AskReddit,0.6651846983962552,45,0.8349446436409066,0.5924304361485475,2.521140904085057,2.642266489113269,2.843078225602208,0.9201433068550069,1.6798167677261098,1.6968143577171024,0.0,2.833302653937814,2.9714593492155195,2.3436752909489225,0.7953314046666533,0.9411943136768269,0.7683082125792396,0.35596002131493365,0.8399083838630549,0.6044174694069143,0.0,0.8529090856296466,0.7125929958423084,0.7812250969829742
worldnews,0.664542066389165,45,0.6243681580410531,0.681759455681213,1.8821185058896994,1.5087271128113855,2.745514422901074,1.9273815420127032,1.483225814373613,2.082073200299438,0.3533593350214213,2.855385899723791,2.94816781779916,2.2617952949612468,0.5937422825566339,0.5374194409681513,0.7419427505983741,0.7456129601396538,0.7416129071868065,0.7416494380316605,0.22294491816723944,0.8595568050128459,0.7070073962432022,0.7539317649870823
todayilearned,0.6631834935551164,45,0.7107360951368289,0.642803807162954,2.1199219925488184,2.145970691607528,2.5867449141048207,1.5328517868237632,1.2851654294423136,1.6255876766937138,0.5834725675409084,3.0305166564737096,2.9446859460046504,2.095292657122953,0.6687609301747696,0.7644101836737744,0.6990371715619424,0.5929880168072559,0.6425827147211568,0.5790460137125327,0.3681302032542909,0.9122764159579037,0.7061723999798868,0.698430885707651
nfl,0.6613990226954017,45,0.8120888468932858,0.5968176694677373,2.5424928439220675,2.463172273521687,2.8004916020594472,1.2505597113817017,1.3463851517126129,1.8710177294609565,0.15374218032876188,2.8591156719027375,2.842618690052189,2.1447093575302403,0.8020671917364721,0.877399666913632,0.756799682029753,0.48378253496242946,0.6731925758563064,0.6664699624405257,0.09700051594836431,0.8606795783157019,0.6816953995740862,0.7149031191767468
atheism,0.6611478688243422,45,0.7568118339368785,0.6201490266332552,2.576510927662743,2.066799512850095,2.6696006721134142,1.401305398257102,1.4318583479186549,1.3704445776719976,0.5048637698517882,2.8032134538890876,2.900881231470121,2.2104014584666736,0.8127987023322109,0.7362088407885629,0.7214279586898614,0.5420989271086772,0.7159291739593274,0.4881622080999837,0.31853357389974574,0.8438513338694459,0.6956674833400484,0.7368004861555578
gaming,0.659240266357646,45,0.8542491159055533,0.5756650451228286,2.733776833010253,2.6457853948241357,2.8045225677169916,1.1888790201740433,1.241605875688785,1.0576004197199833,0.6235702082127974,2.878172033515945,2.851362624410849,1.8857067131827856,0.8624105717852592,0.9424477731817932,0.7578890027496077,0.45992118641657986,0.6208029378443926,0.37672487059271886,0.3934289978022027,0.8664161147694969,0.6837923040401463,0.6285689043942618
nba,0.6566017338396979,45,0.715355239129039,0.631421660144266,2.178876685934621,1.9398001870661223,2.8409603579774965,1.4486200881574334,1.3487460081211509,2.1520118115164384,0.2623112196143366,3.018807099676175,2.5446892802355623,2.2023424230202053,0.6873590652596622,0.6909707681864387,0.7677358839410162,0.5604027477200523,0.6743730040605754,0.7665620740035097,0.16549995315030186,0.9087514881259147,0.6102482129427733,0.7341141410067351
Christianity,0.646956445041331,45,0.8370906406692714,0.5654703612007851,2.7203417053052776,2.346417768996076,3.0243278917671916,1.2251864296630082,1.3493151478955066,1.35743201095629,0.43275015878875406,2.5973238111445967,2.718378303352918,1.8579983214061506,0.8581722608792086,0.8358108732743732,0.8172887878542326,0.47396680970079996,0.6746575739477533,0.483527038313126,0.2730349510425977,0.7818723756068131,0.6519010059923556,0.6193327738020502
soccer,0.645021124830944,45,0.5738980929476635,0.6755024242094928,1.6438439450082623,1.6876806179880044,2.227499247400509,2.4531687696836553,1.0462142562183354,2.0908070615005014,0.7578334077676067,2.6956342684689054,2.2904598361177677,2.0182406213634687,0.5185750275669977,0.6011639656702356,0.6019552856057572,0.9490152251722287,0.5231071281091677,0.7447605021626831,0.4781396452110339,0.8114667721488737,0.54928082287464,0.6727468737878229
MovieDetails,0.6394373926616564,45,0.731029152302597,0.6001837813869678,2.2643313442105675,2.2898089548520337,2.453850541523308,1.5161429545796214,1.2309595631140104,2.12911417551605,0.2623112196143366,2.913175261279747,2.464997217774967,1.8218598186342745,0.7143170085034501,0.815646406822603,0.6631240415817379,0.5865241581479986,0.6154797815570052,0.758405771492388,0.16549995315030186,0.8769531362714595,0.5911370628781963,0.6072866062114248
tifu,0.6372838797123489,45,0.8325184556966637,0.5536119185762141,2.5780035518781963,2.4614466758346576,2.9881080239736697,1.1766438126073182,1.2505597113817017,1.3530249892438435,0.2623112196143366,2.7266863743228393,2.785849574654629,1.9753877647184757,0.8132695728464262,0.8767849966154551,0.8075007976281098,0.45518796202229495,0.6252798556908509,0.4819572255054114,0.16549995315030186,0.820814387439441,0.6680814579857065,0.6584625882394919
technology,0.6372395155926263,45,0.6301879992047582,0.6402615940445697,2.1490109997051916,1.4867031315089494,2.52759336774303,1.5329608174545994,1.6729869738610716,2.0338717941970303,0.15374218032876188,2.939110135472142,2.7801927024562323,2.038026084669174,0.677937490233174,0.5295743405394908,0.6830521668416101,0.5930301956128695,0.8364934869305358,0.7244797507492703,0.09700051594836431,0.8847603113371421,0.6667248695107483,0.6793420282230579
funny,0.6324438354140363,45,0.8084787100917296,0.5570003176950248,2.619247107605199,2.3173519064250216,2.863023771442141,1.1532220050185205,1.5831830889350704,0.9164741004181285,0.0,2.9900218913233845,2.6711733252658765,2.3824857218429556,0.8262804660720505,0.8254574041270696,0.7736982600760687,0.4461271700060613,0.7915915444675352,0.3264546613672966,0.0,0.9000862769802873,0.6405806637630075,0.7941619072809852
books,0.6311393830075348,45,0.791257044167435,0.5625175282247203,2.5316294004630002,2.6828752817494794,2.2923170099990386,1.4995960860241613,1.2976009834247126,1.24170678405518,0.2623112196143366,2.6166254885329603,2.5948659477437497,2.0727913606300254,0.7986401568841887,0.9556594574736245,0.6194715181444921,0.5801229555963779,0.6488004917123563,0.442304880761244,0.16549995315030186,0.7876827594673398,0.6222812033420807,0.6909304535433418
Games,0.6209006790628072,45,0.81741356859335,0.5366808692640033,2.620281976665189,2.3354592442511137,2.937136721309484,0.9060883184917203,1.4038522378069453,1.2901208527411523,0.15374218032876188,2.9694479776422535,2.6093399776035295,1.884363457268726,0.8266069309125496,0.8319073680001166,0.7937264068673839,0.35052280961094745,0.7019261189034727,0.45955031998432877,0.09700051594836431,0.8938929118340654,0.6257522561439353,0.6281211524229087
politics,0.6190665642703255,45,0.5445993476818347,0.6509810856653928,2.0370453122093997,1.2263244158439213,2.051361789187549,1.608391944337968,1.5870278500084003,2.013182168842509,0.6889489510935038,2.5435532591166568,2.248971258376114,2.0530116454254763,0.6426162484230846,0.43682557064965166,0.5543562239727678,0.6222109388005654,0.7935139250042001,0.7171099574994174,0.4346783919367385,0.7656858265629924,0.5393313447120104,0.6843372151418254
explainlikeimfive,0.6182696432020761,45,0.7688360319847011,0.5537411908666654,2.2449256962543234,2.533501069646446,2.5749938964497407,0.7578334077676067,1.496980367854347,1.3826923652603444,0.15374218032876188,2.6748990024999486,2.795136527160817,2.308407830453138,0.7081952081619864,0.902451289553926,0.6958615982381908,0.2931699812110177,0.7484901839271735,0.49252495806512525,0.09700051594836431,0.8052248351241472,0.6703085849731165,0.7694692768177127
AdviceAnimals,0.6128416663983136,45,0.7663252976815024,0.5470629672769468,2.3767471409945573,2.1315918827091576,2.923004348263298,1.1071323362387913,1.5329608174545994,1.0700745276801404,0.0,2.8482684711484696,2.9162681095988945,2.0901695351992675,0.7497802439846811,0.7592883486021221,0.7899073004577042,0.4282972522541128,0.7664804087272997,0.38116823750088824,0.0,0.8574142455196782,0.6993574485368929,0.6967231783997558
askscience,0.6050545331351769,45,0.7135394941929988,0.5585609783961104,2.0122309966927823,2.1564270222936637,2.7297976367964423,1.1869852938983247,1.4565647621309539,1.5541859576379553,0.0,2.4110891813092215,2.729540120344586,2.3653672552563343,0.6347882034361126,0.7681348038149541,0.7376954753279295,0.4591885930906843,0.7282823810654769,0.5536122082130037,0.0,0.7258101657949869,0.6545777488565095,0.7884557517521115
programming,0.6038932637691531,45,0.7866773912737927,0.5255572091243075,2.4192956632608786,2.2981453266577136,2.8797320821610546,1.127659297903744,1.4742287800339695,0.9641972138705966,0.2623112196143366,2.670837202756414,2.6023942937896165,1.7055158165788544,0.763202808318841,0.8186158823741909,0.778213483128346,0.4362381649981956,0.7371143900169848,0.3434539773702373,0.16549995315030186,0.804002111564963,0.6240865945765185,0.5685052721929514
fantasyfootball,0.6032505318734914,45,0.7974137406418378,0.5200377281156287,2.3603042982051825,2.4061993148114005,2.9253553386658653,0.9922569179180408,1.2671995266635874,1.7457227995641154,0.0,2.3987429167179597,2.9354072270080573,1.7247814022121282,0.7445931046101238,0.8571054895502193,0.7905426277651704,0.38385737419448823,0.6335997633317937,0.6218390079030751,0.0,0.7220935698186131,0.7039472474907212,0.5749271340707094
relationship_advice,0.6008946758365544,45,0.7817696517276889,0.5233768290260682,2.702468145841663,2.1242985242978563,2.723837328521562,0.6555861786039423,1.162978283643747,1.4812035329682804,0.4145790572917207,2.209364837251531,2.848767338119707,2.07327807571877,0.852533780645297,0.7566904019178619,0.7360847726199079,0.25361535357710063,0.5814891418218735,0.5276153440130957,0.26157026245295245,0.665085087377981,0.683169922033217,0.6910926919062567
cars,0.5906380294455373,45,0.7909109504788581,0.5048067775741141,2.3445224359201267,2.3264884371219807,2.9766576438688626,0.8747689961890864,1.3516441151533924,0.615954233367718,0.15374218032876188,2.8082323064751646,2.794710459692616,2.062326405170224,0.7396144813689194,0.8287119020265594,0.8044064680410954,0.3384068418574901,0.6758220575766962,0.2194073248551931,0.09700051594836431,0.8453621590416708,0.6702064086826427,0.6874421350567413
motorcycles,0.590400963199664,45,0.8270175402370201,0.4889938587550827,2.621016590161541,2.395426041486378,2.9638522901274684,1.009946386155734,1.4565647621309543,0.40107840018740165,0.15374218032876188,2.519888019388486,2.9665802959299965,1.7823650799025426,0.8268386756686614,0.8532679721631671,0.8009459728792321,0.3907005946407261,0.7282823810654772,0.14286700874053998,0.09700051594836431,0.7585618795502341,0.7114229380393898,0.5941216933008475
MakeupAddiction,0.5885858711943865,45,0.8214246106427345,0.4887978400022373,2.5022960767559645,2.4372466300161713,2.985228136034252,0.9192134406335309,1.2575233821486376,0.725957932828002,0.15374218032876188,2.71508682326984,2.8766357805734426,1.723365729693138,0.7893865235352328,0.8681647663665668,0.806722542026404,0.3556002999568031,0.6287616910743188,0.2585914332114171,0.09700051594836431,0.8173225746362525,0.6898531219574594,0.574455243231046
apple,0.5844062052515637,45,0.8214497327333613,0.48281612204507907,2.444047444214536,2.4895066002200537,2.984618995457771,0.8684257495284606,1.0462142562183354,1.0942065373716447,0.0,2.60300475294827,2.8345373457665515,2.0026459571192268,0.7710111258476139,0.8867801433512408,0.806557929001229,0.3359529390798459,0.5231071281091677,0.3897642327923625,0.0,0.7835825094933402,0.6797573924677612,0.6675486523730756
IAmA,0.581770772101861,45,0.7639140652943807,0.5037093607336385,2.2356187928696154,2.270894436046142,2.8773659708238646,0.5834725675409084,1.4323091504994703,0.9648376511647361,0.0,2.8113009176339907,2.9375536628691616,2.0689888525094307,0.7052592070324728,0.8089089192832546,0.7775740695674143,0.22571800069754608,0.7161545752497351,0.3436821057373018,0.0,0.8462859030455067,0.7044619895689029,0.6896629508364769
unitedkingdom,0.5815769342280831,45,0.5889075774587254,0.5784352299863793,2.0652654204887573,1.2620131750071193,2.463256416252443,1.6055986772474617,1.5173676756532049,1.6121658118982614,0.0,2.869037560148246,2.6447461210840872,1.7911737373497192,0.6515187014043121,0.4495381631625501,0.6656658678093139,0.6211303555852473,0.7586838378266024,0.5742650490080005,0.0,0.8636663642912258,0.634243090743673,0.5970579124499064
travel,0.5802234391879499,45,0.7995642711504484,0.48622022548973615,2.283514956129883,2.5237285796030244,2.8839517220080477,0.80235344282919,1.3332917000942588,0.48206614808309317,0.0,2.709259881068571,2.736786024256558,2.3487111684682476,0.7203687642738823,0.8989702583645175,0.7793537908129455,0.3103926817527714,0.6666458500471294,0.1717154266086779,0.0,0.8155684902506701,0.6563154069461552,0.7829037228227492
Random_Acts_Of_Amazon,0.5760589992247497,45,0.7470000580417349,0.5027985454460417,2.233095222820189,2.397113504243622,2.5261718047506974,1.009946386155734,1.2887931175599097,1.0622051509466475,0.15374218032876188,2.527370752487579,2.6471804155645575,1.8404573046986785,0.7044631093177703,0.8538690585252745,0.68266800628216,0.3907005946407261,0.6443965587799548,0.3783651089503574,0.09700051594836431,0.7608144066626088,0.6348268649073878,0.6134857682328928
Android,0.5743643759563859,45,0.7706244640813708,0.49025290961710677,2.498316363873398,2.237037150557814,2.6898260130109586,0.9803075405818109,1.2944875661363506,1.0202922687033682,0.15374218032876188,2.5105616503011627,2.6518622361530086,1.6594557559740162,0.7881310639010913,0.796848710856344,0.7268936174866771,0.3792347240272629,0.6472437830681753,0.3634354390628891,0.09700051594836431,0.7557543627043165,0.6359496238507337,0.5531519186580054
LifeProTips,0.561303765032,45,0.7544814547910108,0.4785133265638525,2.3302703197955617,2.2471460412262307,2.6934625728097292,0.9060883184917203,0.9055872616982602,1.034182707791117,0.15374218032876188,2.5556040321791698,2.9424873528660447,1.8178031867352231,0.7351184393117476,0.8004495703661233,0.7278763546951615,0.35052280961094745,0.4527936308491301,0.3683833132980314,0.09700051594836431,0.7693134707257484,0.705645149936338,0.6059343955784077
science,0.5602834252638084,45,0.701968774020394,0.49956113293955734,2.0628485724798233,1.9648470685394146,2.7947844949388,0.5660834921220874,1.4228722315384914,0.9591963191047148,0.15374218032876188,2.617194082670329,3.025535763792468,1.8432377115805667,0.6507562707449639,0.6998926473818681,0.7552574039343503,0.21899098805656203,0.7114361157692457,0.3416726227126593,0.09700051594836431,0.7878539233580464,0.7255611942051673,0.6144125705268556
Fitness,0.5437405636389032,45,0.8658024009180503,0.4057140619478403,2.794688462975562,2.530681002037588,3.013395320321289,0.2623112196143366,0.8589810370425963,1.0868323983080326,0.0,2.2420170343204484,2.925391209321372,1.6363047368200434,0.8816260516270834,0.9014467612035201,0.8143343899235471,0.10147583167692248,0.42949051852129816,0.38713751145916986,0.0,0.6749143781200566,0.7015452815840872,0.5454349122733478
buildapc,0.5428305295307886,45,0.7963404889930938,0.43418340404694333,2.29812125745072,2.5564030141058156,2.7880437626821495,0.6235702082127974,1.2243944454059859,0.9218159365698821,0.15374218032876188,2.1650703121010637,2.661293764508175,1.411608641196906,0.7249765393203553,0.9106091267691021,0.7534358008898243,0.2412298855549483,0.6121972227029929,0.3283574617969047,0.09700051594836431,0.6517511066639976,0.6382114219290934,0.470536213732302
malefashionadvice,0.5313568531863572,45,0.7861453822089879,0.4221617693195155,2.2892688590150008,2.4917145341809,2.7704659409705776,0.8366407419411673,1.1549362194690045,0.40107840018740165,0.15374218032876188,2.333736033605467,2.3761753259050473,1.6253367514971546,0.722183918538573,0.8875666252967541,0.7486856027916367,0.32365681966673027,0.5774681097345022,0.14286700874053998,0.09700051594836431,0.7025245480771304,0.569836465903623,0.5417789171657182
techsupport,0.501792385886849,45,0.6712294576988249,0.4291764979674308,2.198161538448637,1.8425345098805623,2.456801781775028,0.9709505944546688,1.5219280948873626,0.2538784402981616,0.0,2.0613270557158927,2.6903460185779013,1.534570082431193,0.6934427588818272,0.6563240349140134,0.6639215793006342,0.3756149631508356,0.7609640474436813,0.09043332508598008,0.0,0.6205212746442024,0.6451785146369186,0.5115233608103976
Frugal,0.48367955024488374,45,0.6168762575331556,0.42659524712133867,1.8429955406729133,1.5036497755866935,2.714707536549578,0.9097860396322266,1.0453386056346685,0.9592984433159442,0.0,2.28905689694018,2.7367917952508227,1.273330694591412,0.5814003611550281,0.5356108569573449,0.7336175544870935,0.35195328341452276,0.5226693028173343,0.3417090000906769,0.0,0.6890747877605087,0.6563167909025244,0.424443564863804
