subreddit,is_niche,is_unsafe,is_image_based
motorcycles,0,0,0
AskReddit,0,0,0
Libertarian,0,0,0
conspiracy,0,0,0
IAmA,0,0,0
MMA,0,0,0
politics,0,0,0
techsupport,0,0,0
MensRights,0,1,0
hockey,0,0,0
canada,0,0,0
australia,0,0,0
business,0,0,0
hiphopheads,0,0,0
AskMen,0,0,0
sex,0,1,0
Guildwars2,1,0,0
news,0,0,0
relationships,0,0,0
skyrim,1,0,0
Music,0,0,0
askscience,0,0,0
electronic_cigarette,0,0,0
SquaredCircle,0,0,0
WTF,0,0,0
OkCupid,0,1,0
science,0,0,0
movies,0,0,0
anime,0,0,0
apple,0,0,0
cringepics,0,0,1
pokemontrades,1,0,0
Bitcoin,0,0,0
TwoXChromosomes,0,0,0
Christianity,0,0,0
todayilearned,0,0,0
POLITIC,0,0,0
offbeat,0,0,0
guns,0,0,0
Android,0,0,0
Frugal,0,0,0
pics,0,0,1
DebateReligion,0,0,0
Fitness,0,0,0
photography,0,0,1
pokemon,1,0,0
aww,0,0,1
unitedkingdom,0,0,0
technology,0,0,0
tf2,1,0,0
gonewild,0,1,0
Minecraft,1,0,0
buildapc,0,0,0
funny,0,0,0
Games,0,0,0
AskWomen,0,0,0
wow,0,0,0
worldnews,0,0,0
books,0,0,0
fantasyfootball,0,0,0
gaming,0,0,0
videos,0,0,1
baseball,0,0,0
AdviceAnimals,0,0,0
Diablo,1,0,0
teenagers,0,0,0
cringe,0,0,0
malefashionadvice,0,0,0
explainlikeimfive,0,0,0
cars,0,0,0
soccer,0,0,0
asoiaf,1,0,0
leagueoflegends,1,0,0
CFB,0,0,0
MakeupAddiction,0,0,0
gifs,0,0,1
DotA2,1,0,0
starcraft,1,0,0
dayz,1,0,0
nfl,0,0,0
Random_Acts_Of_Amazon,0,0,0
relationship_advice,0,0,0
Drugs,0,0,0
NoFap,0,1,0
programming,0,0,0
atheism,0,0,0
magicTCG,1,0,0
trees,0,0,0
Economics,0,0,0
nba,0,0,0
AmItheAsshole,0,0,0
MovieDetails,0,0,0
singapore,0,0,0
ShingekiNoKyojin,1,0,0
Naruto,1,0,0
Marvel,0,0,0
tifu,0,0,0
rupaulsdragrace,1,0,0
LifeProTips,0,0,0
travel,0,0,0