user	instance_id	overall_goal:::text_box	narrative_intent:::text_box	author_emotional_response:::text_box	causal_explanation:::text_box	prediction:::text_box	moral:::text_box	narrative_feeling:::text_box	aesthetic_feeling:::text_box	character_appraisal:::text_box	stance:::text_box	I am age 18 or older.:::Yes	I have read and understand the information above.:::Yes	I want to participate in this research and continue with the study.:::Yes
5bfff7c02213be0001c2c7cf	e5kim0l	{{seek support for their unsure decision about their fear of getting a more detailed tattoo piece}}.	{{reinforce that they made the right decision for them}}.	{{validated}}.	{{their decision to get a basic piece}} could be explained by {{anxiety and indecisiveness}}.	{{the author}} might {{feel bullied over their overreaction and anxiety over something so simple}}.	{{anxiety and insecurity about their tattoo choice}}.	{{annoyed at the fact that the author thinks the artist would hate them for something that goes permanently on THEIR body}}.	{{the attentional engagement}} would spur many readers from this subreddit to feel {{annoyed for thinking it is a big deal to the author}}.	{{negatively}} judge {{the author for thinking that their tattoo artist cares about the piece, they're getting paid for their work and that is what matters}}.	{{disagree with}} the author's opinion{{on getting a basic tattoo and thinking their tattoo artist hates them for it}}.			
5bfff7c02213be0001c2c7cf	e5q2awq	{{express their enjoyment of a game that they bought to someone hating on it}}.	{{justify a game purchase to someone that they enjoy playing}}.	{{understanding for the game creator and how they fixed it when it was broken before they bought it}}.	{{the reason they are defending their purchase of said game}} could be explained by {{the fact that the creator fixed it after it was a broken game and they bought it and it is now an enjoyable game with no issue}}.	{{the person who the author is replying to}} might {{consider now purchasing the game and trying to play it again}}.	{{understanding when things go wrong as long as they are fixed}}.	{{appreciation that the poster is understanding of the game's creators}}.	{{curiosity}} would spur many readers from this subreddit to feel {{as though they want to know what the game is like without any issues}}.	{{positively}} judge {{the author clarifying that they game is enjoyable}}.	{{support}} the author's opinion {{in being happy with the game and explaining that it works fine}}.			
5bfff7c02213be0001c2c7cf	Contextual-Reasoning-about-Narrative-Intents-and-Reactions-consent.html											I am age 18 or older.:::Yes	I have read and understand the information above.:::Yes	I want to participate in this research and continue with the study.:::Yes
66fc3eca57fcbf1065703183	e5bsdtf	{{Share nostalgic feelings}}.	{{entertain and reminisce}}.	{{nostalgic and jolly}}.	{{his feelings toward the thinkpad}} could be explained by {{fond memories from the past}}.	{{the narrator}} might {{own a lot of tech gadgets}}.	{{older tech lasts longer}}.	{{humor and nostalgia}}.	{{sentimentality}} would spur many readers from this subreddit to feel {{nostalgic}}.	{{positively}} judge {{the narrator}}.	{{be neutral to}} the author's opinion{{that old tech is worth keeping}}.			
66fc3eca57fcbf1065703183	e67vr8u	{{express dissatisfaction and frusteration}}.	{{express personal grievances}}.	{{a sense of validation}}.	{{his strong feelings}} could be explained by {{negative experiences regarding religion}}.	{{the narrator}} might {{confront the cousin in anger}}.	{{people should mind their own business}}.	{{empathy and validation}}.	{{conversational relatability}} would spur many readers from this subreddit to feel {{connected}}.	{{positively}} judge {{the narrator}}.	{{support}} the author's opinion{{that religion can sometimes be toxic}}.			
66fc3eca57fcbf1065703183	Contextual-Reasoning-about-Narrative-Intents-and-Reactions-consent.html											I am age 18 or older.:::Yes	I have read and understand the information above.:::Yes	I want to participate in this research and continue with the study.:::Yes
66f3a7b0ad2379b0cf6bf5f5	e5bsdtf	{{express opinion with supporting anecdote}}.	{{express support for conversation subject}}.	{{satisfied}}.	{{author using thinkpad for home theater setup}} could be explained by {{the thinkpad's affordability and adaptability}}.	{{the author}} might {{purchase more thinkpads for other purposes}}.	{{reliability}}.	{{relatable}}.	{{descriptive humor}} would spur many readers from this subreddit to feel {{enjoyment}}.	{{positively}} judge {{the author}}.	{{support}} the author's opinion{{old thinkpads are great}}.			
66f3a7b0ad2379b0cf6bf5f5	e67vr8u	{{share personal experience to support viewpoint}}.	{{release pent up emotions}}.	{{frustration}}.	{{the family of the author's wife being highly Christian}} could be explained by {{the family members live in the Bible Belt}}.	{{the author and their wife}} might {{cut off contact with the wife's family}}.	{{toxicity}}.	{{anger}}.	{{first person perspective}} would spur many readers from this subreddit to feel {{empathetic}}.	{{negatively}} judge {{the wife's cousin}}.	{{support}} the author's opinion{{toxic religious individuals are a social blight}}.			
66f3a7b0ad2379b0cf6bf5f5	Contextual-Reasoning-about-Narrative-Intents-and-Reactions-consent.html											I am age 18 or older.:::Yes	I have read and understand the information above.:::Yes	I want to participate in this research and continue with the study.:::Yes
5ed2bd34e1e0e70c6aea6adf	e66997q	{{incite discourse or an argument with others in the forum}}.	{{provoke others to respond to their comment}}.	{{smug}}.	{{Musk's claims about Unsworth}} could be explained by {{his personal knowledge of the situation, or his attempt to convey as such}}.	{{the narrator}} might {{be convinced by Musk's retoric}}.	{{consider the source}}.	{{frustrated}}.	{{The suggestion that Musk's statements were based on his actual knowledge}} would spur many readers from this subreddit to feel {{annoyed}}.	{{negatively}} judge {{the narrator}}.	{{counter}} the author's opinion{{on Musk's actual knowledge of Unsworth's character}}.			
5ed2bd34e1e0e70c6aea6adf	Contextual-Reasoning-about-Narrative-Intents-and-Reactions-consent.html											I am age 18 or older.:::Yes	I have read and understand the information above.:::Yes	I want to participate in this research and continue with the study.:::Yes
5ed2bd34e1e0e70c6aea6adf	e5fcd12	{{offer advice based on his personal experience with the product}}.	{{offer a different/better experience from others in the thread}}.	{{comradery}}.	{{the author's different experience with the product}} could be explained by {{his personal standards}}.	{{the narrator}} might {{have different standards than others in the thread}}.	{{your milage may vary}}.	{{thoughtful}}.	{{the author's disagreement with others in the thread}} would spur many readers from this subreddit to feel {{confused}}.	{{neutrally}} judge {{the narrator}}.	{{counter}} the author's opinion{{the author's statement that his viscose shirts are good quality}}.			
67acf9eefc6ddf9a81caaeda	e5iniby	To inform. 	To inform others. 	Smart	The author was smart	They will now understand better. 	to gain understanding 	Content	descriptions 	gain knowledge from what was written and read. 	Be thankful 			
67acf9eefc6ddf9a81caaeda	e6alsaa	Laughs	To convince others of their political views.	someway about this political person.	he feelings for posting this are valid.	others will feel the same way	If you voted for him they are right if they didn't they are wrong	Anger	attentional engagment 	tell others or look into it	might share the post.			
67acf9eefc6ddf9a81caaeda	Contextual-Reasoning-about-Narrative-Intents-and-Reactions-consent.html											I am age 18 or older.:::Yes	I have read and understand the information above.:::Yes	I want to participate in this research and continue with the study.:::Yes
5d6eea19b26c1100010cb6f3	e5iniby	Share their experience on getting involved in the book community.	{{Share their experiences and give some tips}}.	{{Connection with a fellow book lover and appreciation for them sharing}}.	{{The writer shared how they got started in the community}} could be explained by {{their desire to connect with others about a shared interest}}.	{{The poster}} might {{get friend requests on Goodreads}}.	{{That if you want to use the social aspect of Goodreads you should participate in the forums}}.	{{Appreciation for them sharing what they did}}.	{{The poster listed out in steps what they did}} would spur many readers from this subreddit to feel {{like they were helped out}}.	{{Positive or neutral}} judge {{the poster}}.	{{Support}} the author's opinion{{that participating in groups and forums can lead to connections within the community}}.			
5d6eea19b26c1100010cb6f3	e6alsaa	{{Provide evidence and share insight}}.	{{Share the facts}}.	{{Uncertainty}}.	{{The accusations presented}} could be explained by {{false accusations}}.	{{Broaddrick}} might {{be telling the truth}}.	{{Power and how those in power commit crimes or get accused as such}}.	{{Relief that the accusation was said to be false}}.	{{The citing of sources}} would spur many readers from this subreddit to feel {certainty}}.	{{Positively}} judge {{Broaddrick and Clinton}}.	{{Support}} the author's opinion{{of what Broaddrick spoke under oath}}.			
5d6eea19b26c1100010cb6f3	Contextual-Reasoning-about-Narrative-Intents-and-Reactions-consent.html											I am age 18 or older.:::Yes	I have read and understand the information above.:::Yes	I want to participate in this research and continue with the study.:::Yes
62cbf51439a76e8fccd8a495	e6qug5t	explains why their career goals and path changed}}.	{{express how they were not appreciated}}.	{less than human}}.	{{work realignments}} could be explained by {bad managers}}.	"{{EITHER ""the main charector}} might {{quit his job}}."	{apprectiate employees more}}.	{{empathy}}.	{{shocking way to treat a good worker}} would spur many readers from this subreddit to feel {{sadness}}.	"{{EITHER ""positively""""}} judge { CHARACTER FROM STORY}}."	"{{ ""support""""}} the author's opinion{that the company unfairly treated him}}."			
62cbf51439a76e8fccd8a495	Contextual-Reasoning-about-Narrative-Intents-and-Reactions-consent.html											I am age 18 or older.:::Yes	I have read and understand the information above.:::Yes	I want to participate in this research and continue with the study.:::Yes
62cbf51439a76e8fccd8a495	e5t57xt	{{complain}}.	{{get sympathy}}.	{{empathy}}.	{{thatb it is frustrating to switch back} could be explained by {due to the hassle of it}}.	"{""the narrator""}} might {{S\switch back to Samsung}}."	{{appreciate what you have while you have it}}.	{{confused on what is the big deal?}}.	{{a desire to help}} would spur many readers from this subreddit to feel {{empathy}}.	{positively}} judge {the irritated phone user}}.	{{support}} the author's opinion{{frusrtated phone user}}.			
678beb306e32ea110dfdfc4b	e6a1tfl	{{Provide an online discussion about fantasy football}}.	{{Express about fantasy football, talk about players, and stats. Learn about players and teams.}}.	{{Like he was in a group with other people who share interests. That he knows about football players.}}.	{{Football players are well known in this group}}.	{{The main character}} might {{enjoy his time speaking with others about fantasy football}}.	{{freely and openly talk about fantasy football, football players and stats amongst like-minded individuals.}}.	{{Fun, excitement, belonging, group.}}.	{{Feel informed and enagaged. Feel like they belong. Feel like they can relate}} would spur many readers from this subreddit to feel {{engaged}}.	{{positively}} judge {{ the narrator because he is talking about a very liked subject}}.	"{{Would be neutral to""}} the author's opinion{{because maybe they wouldn't agree, but in this context, anyone is able to have different opinions.}}."			
678beb306e32ea110dfdfc4b	Contextual-Reasoning-about-Narrative-Intents-and-Reactions-consent.html											I am age 18 or older.:::Yes	I have read and understand the information above.:::Yes	I want to participate in this research and continue with the study.:::Yes
678beb306e32ea110dfdfc4b	e6bzlku	{{Sharing the author's experience of being injured in Afghanistan and then his recovery}.	{{Entertain and talk about his experience}}.	{{Exposed and vulnerable}}.	{{Bewilderment and shock that the RPG was a dud.{{Luck, astonishemnt.}}.	{The victim}} might {{forever live a changed life and forever will have PTSD.}}.	{{Theme is there are more forces in nature than we know. What happens to one's life is completely out of our control. A sacrifice was made for this country. }}.	{{Shock, craziness, empathy for the narrator}}.	{{It would leave them feeling shocked and astonished that the RPG was a dud. That the narrator survived. }} would spur many readers from this subreddit to feel {{FEELING}}.	"{{Would feel neutral about this}} judge {{EITHER ""narrator"" OR IDENTIFIER/NAME OF OTHER CHARACTER FROM STORY}}."	{{'i think they would feel neutral after hearing this. Ironic and lucky story. }} the author's opinion{{SHORT DESCRIPTION OF AUTHOR'S OPINION/STANCE}}.			
67e2c9c44e371ab5e727a8e2	e594m4k	{{share a funny, short-lived experience}}.	{{entertain with a relatable tech surprise}}.	{{brief amusement}}.	{{getting free cable for a short time}} could be explained by {{leftover service from a previous setup}}.	{{the narrator}} might {{try connecting the coax again out of curiosity}}.	{{enjoy free perks while they last}}.	{{nostalgic amusement}}.	{{casual tone and quick payoff}} would spur many readers from this subreddit to feel {{light-hearted}}.	{{positively}} judge {{narrator}}.	{{support} the author's opinion{{that the brief free cable was a fun discovery}}.			
67e2c9c44e371ab5e727a8e2	e6ihme2	{{criticize the handling of Ford's allegations by Democrats}}.	{{express frustration over political consequences of the situation}}.	{{disappointment}}.	{{the perceived weakening of Ford’s credibility}} could be explained by {{the way Democrats managed the timing and release of the allegations}}.	{{the narrator}} might {{be more skeptical of future political claims involving abuse}}.	{{politicizing abuse allegations can harm real victims}}.	{{frustration}}.	{{detailed reasoning}} would spur many readers from this subreddit to feel {{concern}}.	{{negatively}} judge {{Ford and the Democrats}}.	{{support}} the author's opinion{{that the Democrats’ handling of the situation damaged the credibility of abuse victims}}.			
67e2c9c44e371ab5e727a8e2	Contextual-Reasoning-about-Narrative-Intents-and-Reactions-consent.html											I am age 18 or older.:::Yes	I have read and understand the information above.:::Yes	I want to participate in this research and continue with the study.:::Yes
67e5332fd4a2fce36b985eea	e63pb4v	{{to express their opinion about alot of people should be responsible for their actions even group}}.	{{challenge a normalized sort of belief system}}.	{{Triggered disgust}}.	{{Supporting bad actions or habit despite glaring obvious like learning that kids club will use the profits of their cookies sale to help a soup kitchen for the hungry and still fund the KKK }} could be explained by {{lack of self awareness}}.	{{the narrator's brother in law}} might {{could try distancing theirself from the church and try to advocate for change or just ignore}}.	{{bad habits}}.	{{morality}}.	{{using the cookie stand analogy and the kkk}} would spur many readers from this subreddit to feel {{disgust}}.	{{positively}} judge {{the narrator for being morally aware}}.	{{support}} the author's opinion{{Being morally awre and taking responsibility for actions of individuals in group}}.			
67e5332fd4a2fce36b985eea	Contextual-Reasoning-about-Narrative-Intents-and-Reactions-consent.html											I am age 18 or older.:::Yes	I have read and understand the information above.:::Yes	I want to participate in this research and continue with the study.:::Yes
67e5332fd4a2fce36b985eea	e5uodz0	{{share and express his impending grief to people who might understand it}}.	{{Talk about his sadness and pain}}.	{{empathy}}.	{{the person talking about his dog about his dying would need a lot of emotional support}} could be explained by {{the way the person is talking how they were a wreck when their dog attacked by other dog a while back}}.	{{either the narrator or the dog could die eventually from a natural cause and it could range from anything}}.	{{Fear of loss}}.	{{sadness}}.	{{emotionally compelling}} would spur many readers from this subreddit to feel {{really sad}}.	{{positively}} judge {{the narrator}}.	{{support}} the author's opinion{{how he expressed his pain}}.			
67220672fa3c9b805491dd95	e5kb6pv	"Demonstrate how knowledge of a difficult concept like networking can be confirmed when they are even able to simplify it for others.
"	Illustrate how valuable it is to be able to explain complex topics simply.	Validated in their understanding of networking concepts.	The narrator's ability to simply explain port forwarding to a friend who misunderstands Linux may be explained by their confidence and clarity growing knowledge of networking.	The narrator may even continue to develop their skills through explaining other complex concepts to non-experts.	A sign of true understanding is the ability to explain a concept clearly to others.	Motivated to practice explaining a complex concept to check their understanding.	humorous self-deprecation and relatable anecdote, many readers of this subreddit would feel amused and engaged.	View the narrator in a positive light.	Support the author's opinion that explaining concepts in simple terms is a comfortable, useful, and valuable skill for confirming one’s own understanding.			
67220672fa3c9b805491dd95	e59vdjz	{{SHORT VERB PHRASE DESCRIBING OVERALL GOAL}}.	{{SHORT VERB PHRASE DESCRIBING NARRATIVE INTENT}}.	{{SHORT NOUN PHRASE DESCRIBING EMOTION}}.	{{SHORT DESCRIPTION OF SITUATION/STATE/ACTION FROM STORY}} could be explained by {{SHORT EXPLANATION}}.	"{{EITHER ""the narrator"" or NAME/IDENTIFIER OF OTHER CHARACTER OR THING FROM STORY}} might {{SHORT DESCRIPTION OF ACTION OR STATE}}."	{{MORAL/THEME}}.	{{FEELING/EMOTION}}.	{{BRIEF DESCRIPTION OF TECHNIQUE OR FORMAL ELEMENT}} would spur many readers from this subreddit to feel {{FEELING}}.	"{{EITHER ""positively"", ""negatively"", or ""neutrally""}} judge {{EITHER ""narrator"" OR IDENTIFIER/NAME OF OTHER CHARACTER FROM STORY}}."	"{{EITHER ""support"", ""counter"", or ""be neutral to""}} the author's opinion{{SHORT DESCRIPTION OF AUTHOR'S OPINION/STANCE}}."			
67220672fa3c9b805491dd95	Contextual-Reasoning-about-Narrative-Intents-and-Reactions-consent.html											I am age 18 or older.:::Yes	I have read and understand the information above.:::Yes	I want to participate in this research and continue with the study.:::Yes
5e0e1b8800a6bf000a694f79	e5kb6pv	{{help others explore their knowledge}}.	{{explain their own journey and help others look at their skills realistically}}.	{{intelligent}}.	{{how well you explain difficult topics in everyday language}} could be explained by {{how much you really know about the topic}}.	{{the narrator}} might {{still be building his engineering skills but open to continue learning}}.	{{There's always more to learn about a topic}}.	{{inspired}}.	{{giving a personal example of their pont}} would spur many readers from this subreddit to feel {{connected}}.	{{positively}} judge {{the narrator for sharing their own issues}}.	{{support}} the author's opinion{{that it's a good skill to have in the field}}.			
5e0e1b8800a6bf000a694f79	e59vdjz	{{Explain that a shift in perspective allowed them to enjoy the book more}}.	{{Engage with others that had a similar issue with the book}}.	{{A bit connected with others}}.	{{Not identifying with the story}} could be explained by {{trying to force something that wasn't there}}.	{{The poster}} might {{be trying to share what helped them enjoy the story more}}.	{{Helping others to enjoy something they previously did not}}.	{{Thoughtful}}.	{{Sharing a personal problem}} would spur many readers from this subreddit to feel {{seen or connected}}.	{{neutrally}} judge {{the poster}}.	{{be neutral to}} the author's opinion{{to re-frame how they view the book}}.			
5e0e1b8800a6bf000a694f79	Contextual-Reasoning-about-Narrative-Intents-and-Reactions-consent.html											I am age 18 or older.:::Yes	I have read and understand the information above.:::Yes	I want to participate in this research and continue with the study.:::Yes
67eacc398161cead21ef5e0a	e5whmc2	{{SHORT VERB PHRASE DESCRIBING OVERALL GOAL}}.share information	{{SHORT VERB PHRASE DESCRIBING NARRATIVE INTENT}}.provide context	{{SHORT NOUN PHRASE DESCRIBING EMOTION}}.curiosity	{{SHORT DESCRIPTION OF SITUATION/STATE/ACTION FROM STORY}} could be explained by {{SHORT EXPLANATION}}.the information about dinosaur mating behaviour could be explained by scientific observations and Tv documentaries	"{{EITHER ""the narrator"" or NAME/IDENTIFIER OF OTHER CHARACTER OR THING FROM STORY}} might {{SHORT DESCRIPTION OF ACTION OR STATE}}.the narrator might update their views if newer scientific evidence becomes available."	{{MORAL/THEME}}.scientific curiosity and openness to updating knowledge	{{FEELING/EMOTION}}.interest	{{BRIEF DESCRIPTION OF TECHNIQUE OR FORMAL ELEMENT}} would spur many readers from this subreddit to feel {{FEELING}}.referencing a TV DOCUMENTARY and personal reflection would spur many readers from this subreddit to feel engaged.	"{{EITHER ""positively"", ""negatively"", or ""neutrally""}} judge {{EITHER ""narrator"" OR IDENTIFIER/NAME OF OTHER CHARACTER FROM STORY}}.positively judge the narrator"	"{{EITHER ""support"", ""counter"", or ""be neutral to""}} the author's opinion{{SHORT DESCRIPTION OF AUTHOR'S OPINION/STANCE}}.support the author's opinion about the evolving scientific understanding of dinosaur behaviour."			
67eacc398161cead21ef5e0a	Contextual-Reasoning-about-Narrative-Intents-and-Reactions-consent.html											I am age 18 or older.:::Yes	I have read and understand the information above.:::Yes	I want to participate in this research and continue with the study.:::Yes
67eacc398161cead21ef5e0a	e5nh5ma	{{SHORT VERB PHRASE DESCRIBING OVERALL GOAL}}.share experience	{{SHORT VERB PHRASE DESCRIBING NARRATIVE INTENT}}.explain phone pricing	{{SHORT NOUN PHRASE DESCRIBING EMOTION}}.nostalgia	{{SHORT DESCRIPTION OF SITUATION/STATE/ACTION FROM STORY}} could be explained by {{SHORT EXPLANATION}}.the difference in phone pricing and availability in different countries could be explained by market and contract differences.	"{{EITHER ""the narrator"" or NAME/IDENTIFIER OF OTHER CHARACTER OR THING FROM STORY}} might {{SHORT DESCRIPTION OF ACTION OR STATE}}.the narrator might continue to share insights about phone deals"	{{MORAL/THEME}}.understanding cultural differences in technology usage	{{FEELING/EMOTION}}.nostalgia	{{BRIEF DESCRIPTION OF TECHNIQUE OR FORMAL ELEMENT}} would spur many readers from this subreddit to feel {{FEELING}}.personal anecdote and comparison would spur many readers from this subreddit to feel engaged	"{{EITHER ""positively"", ""negatively"", or ""neutrally""}} judge {{EITHER ""narrator"" OR IDENTIFIER/NAME OF OTHER CHARACTER FROM STORY}}.positively judge the narrator"	"{{EITHER ""support"", ""counter"", or ""be neutral to""}} the author's opinion{{SHORT DESCRIPTION OF AUTHOR'S OPINION/STANCE}}.support the author,s opinion on phone pricing differenvces"			
651b29ff3a6cadf518640abe	e5kqztq	{{express her shock, uncertainty and betrayal feeling}}.	{{confront her boyfriend}}.	{{sad, disappointed and betrayed}}.	{{the woman's experience}} could be explained by {{the immoral and disloyal traits of her boyfriend}}.	{{the woman}} might {{break up with her boyfriend}}.	{{stay loyal to one's significant other}}.	{{angry and shocked}}.	{{betrayal and disgusting behavior from significant other}} would spur many readers from this subreddit to feel {{disgusted and furious}}.	{{neutrally}} judge {{the woman's boyfriend}}.	{{support}} the author's opinion{{the author's decision to break up with her boyfriend}}.			
651b29ff3a6cadf518640abe	Contextual-Reasoning-about-Narrative-Intents-and-Reactions-consent.html											I am age 18 or older.:::Yes	I have read and understand the information above.:::Yes	I want to participate in this research and continue with the study.:::Yes
651b29ff3a6cadf518640abe	e6ojw6g	{{express their concerns and insights about Destiny game}}.	{{express their opinions about the new installment and the new game}}.	{{connected and heard}}.	{{the negative feedback on the latest version of the game}} could be explained by {{criticism about the installment}}.	{{the narrator}} might {{continue to post their comments about the game}}.	{{stay objective while expressing criticism}}.	{{curious}}.	{{long context of the post}} would spur many readers from this subreddit to feel {{tired}}.	{{positively}} judge {{the narrator}}.	{{support}} the author's opinion{{about their comments on the latest version of the game}}.			
60feddab2db9528af033d65f	e5kqztq	{{get support for the way they’re feeling}}.	{{ provide background information to support why they’re feeling the way they are}}.	{{justified}}.	{{ the author’s feelings of betrayal}} could be explained by {{ her husband’s actions}}.	{{ the author}} might {{ leave her husband}}.	{{ you can never fully trust someone}}.	{{ uneasy }}.	{{ the way she describes her feeling of betrayal}} would spur many readers from this subreddit to feel {{ sorry for the author}}.	{{negatively}} judge {{ the husband}}.	{{ support }} the author's opinion{{ to feel betrayed}}.			
60feddab2db9528af033d65f	Contextual-Reasoning-about-Narrative-Intents-and-Reactions-consent.html											I am age 18 or older.:::Yes	I have read and understand the information above.:::Yes	I want to participate in this research and continue with the study.:::Yes
60feddab2db9528af033d65f	e6ojw6g	{{ describe pros and cons of different versions of the game}}.	{{ inform players on whether it’s worth playing}}.	{{ connection }}.	{{ the writers review of the game}} could be explained by {{their initial disappointment, but eventual redemption with game improvements,}}.	{{ the author}} might {{ encourage other players to give this game another chance}}.	{{ not judge a game based off of its first version}}.	{{ excited }}.	{{using visualization in the text,}} would spur many readers from this subreddit to feel {{ excited to play the game}}.	{{positively}} judge {{ narrator}}.	{{support}} the author's opinion{{to give the game another chance in it’s newer version}}.			
67d9bfed35d1baab188a6502	e6m5jcy	{{to share a sad but relatable experience with a touch of lightheartedness}}.	{{express sadness with a hint of humor}}.	{{a sense of catharsis}}.	{{the author's sadness over losing the gecko}} could be explained by {{the strong emotional bond people can form with their pets}}.	{{the narrator}} might {{eventually get another pet gecko}}.	{{the pain of loss, even for a small creature, can be significant}}.	{{sympathy}}.	{{the brief, personal anecdote}} would spur many readers from this subreddit to feel {{connected}}.	{{neutrally}} judge {{narrator}}.	{{be neutral to}} the author's opinion{{personal sadness over a pet}}.			
67d9bfed35d1baab188a6502	e6emiyu	{{offer a concise analysis of the fight's striking exchanges}}.	{{provide their perspective on the striking dynamics of the fight}}.	{{knowledgeable}}.	{{Conor McGregor's loss}} could be explained by {{the unpredictable nature of MMA FIGHTS }}.	{{future discussions}} might {{analyze the specific strikes that led to the outcome}}.	{{even a perceived advantage can quickly change in a fight}}.	{{engaged}}.	{{the concise summary of the round's events}} would spur many readers from this subreddit to feel {{informed}}.	{{neutrally}} judge {{narrator}}.	{{be neutral to}} the author's opinion{{assessment of the striking exchanges}}.			
67d9bfed35d1baab188a6502	Contextual-Reasoning-about-Narrative-Intents-and-Reactions-consent.html											I am age 18 or older.:::Yes	I have read and understand the information above.:::Yes	I want to participate in this research and continue with the study.:::Yes
67757553ccb7cd2a4385b679	e6lrk0b	{{state that the rumors aren't true}}.	{{agree that he has already heard the rumor but the rockstar saying it's exact opposite}}.	{{defensive}}.	{{Gamer Boy}}. could make it up	{{Gamer Boy}} might {{spill the tea on the truth}}	{{Don't always believe everything you hear}}.	{{surprise}}.	{{Gamer Boy defending Rockstar}} would spur many readers from this subreddit to feel {{curiosity}}	{{Negatively}} judge {{Gamer Boy}}.	{{support}} the author's opinion{{of don't believe all of the rumors}}.			
67757553ccb7cd2a4385b679	e68ekfg	{{traveling back home}}.	{{tell them how he grew up}}.	{{nostalgic}}.	{{His personality}} could be explained by {{how he grew up}}.	{{This surfer influencer}} might {{want to teach his son or daughter to surf}}.	{The way you were raised has a lot to do with your choices in life today}}.	{{reliving memories of their childhood}}.	{{The details of his story could cause the reader to}} would spur many readers from this subreddit to feel {{happy}}.	{{Would positively}} judge {{this surfer dude influencer}}.	{{They would support}} the author's opinion{{of life being made up by the experiences in life you have already had}}.			
67757553ccb7cd2a4385b679	Contextual-Reasoning-about-Narrative-Intents-and-Reactions-consent.html											I am age 18 or older.:::Yes	I have read and understand the information above.:::Yes	I want to participate in this research and continue with the study.:::Yes
67722f8e3a4f08a288a1f640	e5ntstw	{{Show their knowledge about the specific car, as well as cars in general.}}.	{{Connect with others who may have had the same Matchbox car, or the full-size car.}}.	{{Important and knowledgeable}}.	{{This person has a lot of experience with cars, and although they may not own this particular car, they would like to. They own a Matchbox car to represent their wish for the car.}}.	{{This person would be willing to work hard towards getting this car, and would see this person as someone they could connect with and talk about cars with}}.	{{The dream of owning something they admire}}.	{{Happiness, care, memories of growing up, connection, kindness, joy in finding someone who shares the same ideas.}}.	{{Feeling pulled into a memory of childhood}} would spur many readers from this subreddit to feel {{Nostalgia}}.	{{Positively}} judge {{Person describing the features of the car.}}.	{{Agree with}} the author's opinion{{Knowledge of the car performance and modifications made to the car.}}.			
67722f8e3a4f08a288a1f640	Contextual-Reasoning-about-Narrative-Intents-and-Reactions-consent.html											I am age 18 or older.:::Yes	I have read and understand the information above.:::Yes	I want to participate in this research and continue with the study.:::Yes
67722f8e3a4f08a288a1f640	9j1hpc	{{Contribute their knowledge to the group, and help them make choices that they may not have had the experience or expertise to do so.}}.	{{Show that they had extensive experience in fantasy football}}.	{{Frustrated and wanting to skip text, because it was too long, wordy and difficult to read.}}.	{{This person has made a lot of correct choices in the past in making their fantasy football predictions }}.	{{The narrator would continue to post lengthy narratives filled with facts}}.	{{Helpful to others who want to be successful in their own fantasy football picks}}.	{{Frustration, overwhelmed, gratitude, envy, admiring, modeling behavior}}.	{{Charts, facts and data}} would spur many readers from this subreddit to feel {{Overwhelmed}}.	{{Positively}} judge {{Narrator}}.	{{Support}} the author's opinion{{on the methods to choose successful fantasy football players and teams}}.			
5e35fe137169145c27eac095	e5ntstw	Share their early experience with Porsche cars amongst car enthuisiats.	Bond with the community over shared experiences.	Connection and joy	Owning a Porsche could be explained by thrillseeking and an interest in mechanics.	The narrator might describe subsequent Porsche models that they've owned.	thrillseeking and pleasure.	nostalgia. 	Attention to mechanical details would spur many readers from this subreddit to feel knowledgable.	Positively judge the narrator.	Support the author's opinion of the Porsche model's performance.			
5e35fe137169145c27eac095	Contextual-Reasoning-about-Narrative-Intents-and-Reactions-consent.html											I am age 18 or older.:::Yes	I have read and understand the information above.:::Yes	I want to participate in this research and continue with the study.:::Yes
5e35fe137169145c27eac095	9j1hpc	share educational, analytical resources that the author developed.	support the author's position with data.	pride.	the author's analysis could be explained by a desire to optimize their fantasy league trades.	the narrator might perform normatively well in this week's league and that they would continue to share their analysis in subsequent weeks.	knowledge.	awe.	The rigorous data-driven predictions would spur many readers from this subreddit to feel suspense for this week's results.	Positively judge the narrator.	Support the author's opinion on trade values for players.			
67d9c6ef6eaf9b719761a923	e5qjdxc	{{SHORT VERB PHRASE DESCRIBING OVERALL GOAL}}.	{{SHORT VERB PHRASE DESCRIBING NARRATIVE INTENT}}.	{{SHORT NOUN PHRASE DESCRIBING EMOTION}}.	{{SHORT DESCRIPTION OF SITUATION/STATE/ACTION FROM STORY}} could be explained by {{SHORT EXPLANATION}}.	"{{EITHER ""the narrator"" or NAME/IDENTIFIER OF OTHER CHARACTER OR THING FROM STORY}} might {{SHORT DESCRIPTION OF ACTION OR STATE}}."	{{MORAL/THEME}}.	{{FEELING/EMOTION}}.	{{BRIEF DESCRIPTION OF TECHNIQUE OR FORMAL ELEMENT}} would spur many readers from this subreddit to feel {{FEELING}}.	"{{EITHER ""positively"", ""negatively"", or ""neutrally""}} judge {{EITHER ""narrator"" OR IDENTIFIER/NAME OF OTHER CHARACTER FROM STORY}}."	"{{EITHER ""support"", ""counter"", or ""be neutral to""}} the author's opinion{{SHORT DESCRIPTION OF AUTHOR'S OPINION/STANCE}}."			
67d9c6ef6eaf9b719761a923	9it4if	{{SHORT VERB PHRASE DESCRIBING OVERALL GOAL}}.	{{SHORT VERB PHRASE DESCRIBING NARRATIVE INTENT}}.	{{SHORT NOUN PHRASE DESCRIBING EMOTION}}.	{{SHORT DESCRIPTION OF SITUATION/STATE/ACTION FROM STORY}} could be explained by {{SHORT EXPLANATION}}.	"{{EITHER ""the narrator"" or NAME/IDENTIFIER OF OTHER CHARACTER OR THING FROM STORY}} might {{SHORT DESCRIPTION OF ACTION OR STATE}}."	{{MORAL/THEME}}.	{{FEELING/EMOTION}}.	{{BRIEF DESCRIPTION OF TECHNIQUE OR FORMAL ELEMENT}} would spur many readers from this subreddit to feel {{FEELING}}.	"{{EITHER ""positively"", ""negatively"", or ""neutrally""}} judge {{EITHER ""narrator"" OR IDENTIFIER/NAME OF OTHER CHARACTER FROM STORY}}."	"{{EITHER ""support"", ""counter"", or ""be neutral to""}} the author's opinion{{SHORT DESCRIPTION OF AUTHOR'S OPINION/STANCE}}."			
67d9c6ef6eaf9b719761a923	Contextual-Reasoning-about-Narrative-Intents-and-Reactions-consent.html											I am age 18 or older.:::Yes	I have read and understand the information above.:::Yes	I want to participate in this research and continue with the study.:::Yes
66db455debd3438472ba6fc6	e61may9	{{show that placing blame on the victim of the circumstance sounds absurd}}.	{{support the original person in the story}}.	{{regretful for their original comment}}.	{{the person that lost their paperwork is not at fault because it's unreasonable to expect someone to carry everything on them in an emergency}}.	{{the person the author of the comment is responding to}} might {{change their mind on who's at fault}}.	{{Don't blame people for things outside their control}}.	{{upset at the person the comment is responding to}}.	{{comparing to something similar}} would spur many readers from this subreddit to feel {{compassion}}.	{{positively}} judge {{the original narrator}}.	{{support}} the author's opinion{{that the family is not at fault for forgetting their paperwork in an emergency}}.			
66db455debd3438472ba6fc6	e637z6v	{{share their opinion on a better method}}.	{{share a strategy that hasn't been mentioned yet}}.	{{feel more connected to the community by participating}}.	{{saying that this is simple}} could be explained by {{the commenter wanting it to seem like anyone should come to the same conclusion}}.	{{the narrator}} might {{explain in more detail in further comments}}.	{{better coaching would solve the problem}}.	{{connection}}.	{{the casual tone/ typing}} would spur many readers from this subreddit to feel {{engaged}}.	{{neutrally}} judge {{the narrator of the comment}}.	{{support}} the author's opinion{{coaching can help keep the players safer}}.			
66db455debd3438472ba6fc6	Contextual-Reasoning-about-Narrative-Intents-and-Reactions-consent.html											I am age 18 or older.:::Yes	I have read and understand the information above.:::Yes	I want to participate in this research and continue with the study.:::Yes
67e30a711d042bae7c4c5ce5	e6nfr50	{{Evaluate corporate misuse of funds}}.	{{Highlighting of systematic issue with tax reward}}.	{{Irritation with regulatory failure}}.	{{The lack of foundation Upgrades}} could be explained by {{Corporation Organizing profits over public commitment}}.	{{the narrator}} might {{ Remain suspicious of future corporate promises}}.	{{Corporation often utilize public trust and incentive without accountability}.	{{Anger}}.	{{Specific examples of the behavior}} would spur many readers from this subreddit to feel {{suspicion}}.	{{negatively}} judge {{AT&T}}.	{{Support}} the author's opinion{{The corporation abused public trust and also failed to deliver the promised improvements}}.			
67e30a711d042bae7c4c5ce5	Contextual-Reasoning-about-Narrative-Intents-and-Reactions-consent.html											I am age 18 or older.:::Yes	I have read and understand the information above.:::Yes	I want to participate in this research and continue with the study.:::Yes
67e30a711d042bae7c4c5ce5	e5tygp4	{{The question the narrative considerable pay cut}.	{{Challenge on the claim financial sacrifice of ministers}}.	{{Doubt}}.	{{The response about the pay cut}} could be explained by {{An attempt to avoid full transparency}}.	{{the narrator}} might {{Continue to investigate official salary claims}}.	{{Claim about the political sacrifice should be thoroughly checked}}.	{{Doubt}}.	{{Referencing a political statement}} would spur many readers from this subreddit to feel {{Suspicion}}.	{{negatively}} judge {{Shanmugam}}.	{{support}} the author's opinion{{The Ministerial pay cut may not be as Practical as claimed}}.			
6567492900b32685a1ca02ae	e6jlkte	{{SHORT VERB PHRASE DESCRIBING OVERALL GOAL}}. share a viewpoint and possibly persuade others 	{{SHORT VERB PHRASE DESCRIBING NARRATIVE INTENT}}. complain and cause an argument 	{{SHORT NOUN PHRASE DESCRIBING EMOTION}}. a strong emotion about whether they like Apple or Mac, because most people have a favorite	{{SHORT DESCRIPTION OF SITUATION/STATE/ACTION FROM STORY}} could be explained by {{SHORT EXPLANATION}}. there is an app that does or does not cause frustration	"{{EITHER ""the narrator"" or NAME/IDENTIFIER OF OTHER CHARACTER OR THING FROM STORY}} might {{SHORT DESCRIPTION OF ACTION OR STATE}}. the OP will still continue to use the apps, but they will not be happy "	{{MORAL/THEME}}. there is a choice between apps and some are good and some are not. 	{{FEELING/EMOTION}}. a like or dislike of a certain app. 	{{BRIEF DESCRIPTION OF TECHNIQUE OR FORMAL ELEMENT}} would spur many readers from this subreddit to feel {{FEELING}}. annoyed or convinced or in agreement with the post. 	"{{EITHER ""positively"", ""negatively"", or ""neutrally""}} judge {{EITHER ""narrator"" OR IDENTIFIER/NAME OF OTHER CHARACTER FROM STORY}}."	"{{EITHER ""support"", ""counter"", or ""be neutral to""}} the author's opinion{{SHORT DESCRIPTION OF AUTHOR'S OPINION/STANCE}}. either support or not support the post. "			
6567492900b32685a1ca02ae	e5t2uje	{{SHORT VERB PHRASE DESCRIBING OVERALL GOAL}}. shine a light on their good experience with added courses. 	{{SHORT VERB PHRASE DESCRIBING NARRATIVE INTENT}}. help others to understand the benefits of other courses	{{SHORT NOUN PHRASE DESCRIBING EMOTION}}. intrigue or motivation to get into more classes.	{{SHORT DESCRIPTION OF SITUATION/STATE/ACTION FROM STORY}} could be explained by {{SHORT EXPLANATION}}. there is much more to learn out there. 	"{{EITHER ""the narrator"" or NAME/IDENTIFIER OF OTHER CHARACTER OR THING FROM STORY}} might {{SHORT DESCRIPTION OF ACTION OR STATE}}."	{{MORAL/THEME}}. check out other online classes to better understand certain topics. 	{{FEELING/EMOTION}}. motivation to seek out other courses. 	{{BRIEF DESCRIPTION OF TECHNIQUE OR FORMAL ELEMENT}} would spur many readers from this subreddit to feel {{FEELING}} curiosity and motivation. 	"{{EITHER ""positively"", ""negatively"", or ""neutrally""}} judge {{EITHER ""narrator"" OR IDENTIFIER/NAME OF OTHER CHARACTER FROM STORY}}. probably feel fairly positive about this post. They get quite a bit of info from it. "	"{{EITHER ""support"", ""counter"", or ""be neutral to""}} the author's opinion{{SHORT DESCRIPTION OF AUTHOR'S OPINION/STANCE}}. probably investigate further about classes they might want to take and they would have a descent opinion about the post. "			
6567492900b32685a1ca02ae	Contextual-Reasoning-about-Narrative-Intents-and-Reactions-consent.html											I am age 18 or older.:::Yes	I have read and understand the information above.:::Yes	I want to participate in this research and continue with the study.:::Yes
67df4fe91fd6e35cf3478cdf	e6q77r3	{{defend their opinion about Yoel Romero's performance in past fights}}.	{{justify why Romero shouldn't get another title shot}}.	{{a sense of clarity or vindication}}.	{{Yoel Romero's inability to finish fights}} could be explained by {{a pattern of falling short despite strong starts}}.	{{the narrator}} might {{continue defending their stance if challenged by others}}.	{{raw talent isn't enough without follow-through}}.	{{frustration or agreement, depending on their view of Romero}}.	{{listing past fights and emphasizing missed weight}} would spur many readers from this subreddit to feel {{convinced or critical}}.	{{positively}} judge {{the narrator}}.	{{support}} the author's opinion{{ that Romero’s near-misses don’t justify a rematch opportunity}}.			
67df4fe91fd6e35cf3478cdf	e57lfvq	{{point out flaws in the player’s performance during the match}}.	{{correct what they saw as a misleading or overly positive view of the player’s performance}}.	{{a sense of relief for setting the record straight}}.	{{the player’s shaky performance}} could be explained by {{pressure during the match and poor decision-making under stress}}.	{{the narrator}} might {{continue pointing out similar mistakes in future match discussions}}.	{{even great players rely on teammates to recover from their mistakes}}.	{{frustration at the player's inconsistency but appreciation for the teammate’s quick reaction}}.	{{the detailed play-by-play of key match moments}} would spur many readers from this subreddit to feel {{curiosity and engagement}}.	{{positively}} judge {{the narrator}}.	{{support}} the author's opinion{{that the player’s performance in the Brighton match had key flaws despite the team’s success}}.			
67df4fe91fd6e35cf3478cdf	Contextual-Reasoning-about-Narrative-Intents-and-Reactions-consent.html											I am age 18 or older.:::Yes	I have read and understand the information above.:::Yes	I want to participate in this research and continue with the study.:::Yes
67e5566b1168a1cd37250362	e6q77r3	{{Defend Whittaker's wins over Romero}.	{{Explain why Romero didn't deserve to win}}.	{{Justified frustration}}.	{{ROMERO'S FAILURE TO WIN}} could be explained by {{HIS INABILITY TO FINISH FIGHTS}}.	{{ROMERO} might {{FALL SHORT IN CLOSE FIGHTS}}.	{{BEING DANGEROUS IS NOT ENOUGH WITHOUT RESULTS}}.	{{VALIDATION/AGREEMENT}}.	{{LOGICAL ARGUMENT AND EXAMPLE-BASED REASONING}} would spur many readers from this subreddit to feel {{PERSUADED}}.	{{POSITIVELY}} judge {{THE NARRATOR}}.	{{SUPPORT}} the author's opinion{{THAT ROMERO DOESN'T DESERVE A WIN OVER WHITTAKER}}.			
67e5566b1168a1cd37250362	e57lfvq	{{CHALLENGE THE IDEA THAT THE PLAYER PERFORMED FLAWLESSLY}}.	{{HIGHLIGHT MISTAKES MADE DURING THE BRIGHTON GAME}}.	{{FRUSTRATED AWARENESS}}.	{{THE PLAYER'S RISKY MOMENTS AGAINST MURRAY}} could be explained by {{LAPSES IN JUDGEMENT OR PRESSURE}}.	{{THE NARRATOR}} might {{CONTINUE SCRUTINIZING THE PLAYER'S DECISION}}.	{{EVEN TOP PLAYERS CAN MAKE COSTLY ERRORS}}.	{{CONCERN/CRITICISM}}.	{{SPECIFIC PLAY-BY-PLAY RECOLLECTION}} would spur many readers from this subreddit to feel {{ENGAGED}}.	{{NEGATIVELY}} judge {{THE PLAYER BEING DISCUSSED}}.	{{SUPPORT}} the author's opinion{{THAT THE PLAYER WAS NOT FLAWLESS IN THAT MATCH}}.			
67e5566b1168a1cd37250362	Contextual-Reasoning-about-Narrative-Intents-and-Reactions-consent.html											I am age 18 or older.:::Yes	I have read and understand the information above.:::Yes	I want to participate in this research and continue with the study.:::Yes
67e1337bec18c2fb0e19ec35	e5t74fu	{{Mild ridicule}}.	{{Skeptical Amusement}}.	{{Mild vindication}}.	{{Katie Johnson dropping the lawsuit}}. {{Lack of credibility}}	"{{EITHER ""the narrator"" or NAME/IDENTIFIER OF OTHER CHARACTER OR THING FROM STORY - The plaintiff}} might {{SHORT DESCRIPTION OF ACTION OR STATE - get sanctioned}}."	{{MORAL/THEME - Don't make frivolous lawsuit}}.	{{amusement }}.	{{BRIEF DESCRIPTION OF TECHNIQUE OR FORMAL ELEMENT - dry tone}} would spur many readers from this subreddit to feel {{FEELING - amusement}}.	"{{EITHER ""positively"", ""negatively"", or ""neutrally"" - positively }} judge {{EITHER ""narrator"" OR IDENTIFIER/NAME OF OTHER CHARACTER FROM STORY - narrator }}."	"{{EITHER ""support"", ""counter"", or ""be neutral to"" - support }} the author's opinion{{SHORT DESCRIPTION OF AUTHOR'S OPINION/STANCE - lawsuit is bogus }}."			
67e1337bec18c2fb0e19ec35	Contextual-Reasoning-about-Narrative-Intents-and-Reactions-consent.html											I am age 18 or older.:::Yes	I have read and understand the information above.:::Yes	I want to participate in this research and continue with the study.:::Yes
67e1337bec18c2fb0e19ec35	e5zg12c	{{SHORT VERB PHRASE DESCRIBING OVERALL GOAL}}.	{{SHORT VERB PHRASE DESCRIBING NARRATIVE INTENT}}.	{{SHORT NOUN PHRASE DESCRIBING EMOTION}}.	{{SHORT DESCRIPTION OF SITUATION/STATE/ACTION FROM STORY}} could be explained by {{SHORT EXPLANATION}}.	"{{EITHER ""the narrator"" or NAME/IDENTIFIER OF OTHER CHARACTER OR THING FROM STORY}} might {{SHORT DESCRIPTION OF ACTION OR STATE}}."	{{MORAL/THEME}}.	{{FEELING/EMOTION}}.	{{BRIEF DESCRIPTION OF TECHNIQUE OR FORMAL ELEMENT}} would spur many readers from this subreddit to feel {{FEELING}}.	"{{EITHER ""positively"", ""negatively"", or ""neutrally""}} judge {{EITHER ""narrator"" OR IDENTIFIER/NAME OF OTHER CHARACTER FROM STORY}}."	"{{EITHER ""support"", ""counter"", or ""be neutral to""}} the author's opinion{{SHORT DESCRIPTION OF AUTHOR'S OPINION/STANCE}}."			
582c71a66ef28c00019a1068	e5t74fu	{{Providing facts and information about a case brought against Donald Trump}}.	{{Convince readers that the case filed by Katie Johnson is malicious and not based on facts}}.	{{Irritation that people are not willing to think critically}}.	{{The lack of evidence brought forth by Katie Johnson}} could be explained by {{her fearing for her life}}.	{{The person defending Donald Trump}} might {{blindly follow him not matter what}}.	{{There are a lot of pieces of information about Donald Trump that remains unknown}}.	{{Discomfort that their deeply held beliefs are being challenged in regards to Donald Trump}}.	{{Logical reasoning that challenges this legal case's main elements }} would spur many readers from this subreddit to feel {{anger}}.	{{Negatively}} judge {{Donald Trump}}.	{{Disagree with}} the author's opinion{{that Katie Johnson does not have a strong case}}.			
582c71a66ef28c00019a1068	Contextual-Reasoning-about-Narrative-Intents-and-Reactions-consent.html											I am age 18 or older.:::Yes	I have read and understand the information above.:::Yes	I want to participate in this research and continue with the study.:::Yes
582c71a66ef28c00019a1068	e5zg12c	{{Gain an understanding about other's drinking habits}}.	{{Share an experience and relate to others}}.	{{Comaraderie}}.	{{The poster's discomfort}} could be explained by {{having to ask a favor of another relating to beer}}.	{{the commenter}} might {{feel guilt over having asked another to travel to purchase beer}}.	{{Repay favors when they are done for you}}.	{{Guilt over their own actions related to beer}}.	{{Sharing a personal experience}} would spur many readers from this subreddit to feel {{compassion about the shared experience}}.	{{positively}} judge {{the commenter}}.	{{support}} the author's opinion{{that one should repay favors done for them}}.			
668adbfcb3549e7f656159c6	e6lszfu	{{support the wink it liners}}.	{{confirm that the liquid liners are good and get eyebrow pencil recommendations}}.	{{supported}}.	{{kat's products irritating the commenter's eyes}} could be explained by {{the fact that the producers are neo-nazis}}.	{{the narrator}} might {{buy a new eyebrow pencil soon}}.	{{don't buy makeup products from brands supporting facists}}.	{{wanting to get a new eyeliner}}.	{{being slay and sassy}} would spur many readers from this subreddit to feel {{very sassy and extra as well}}.	"{{positively""}} judge {{the sephora eyeliner}}."	"{{support""}} the author's opinion{{that the sephora eyeliner is good and the kat's eyeliner is trash}}."			
668adbfcb3549e7f656159c6	e6jopi2	{{supporting the ship between naruto and hinata}}.	{{support the original post}}.	{{validated}}.	{{naruto being forced to be with hinata}} could be explained by {{more scenes with them together in future arcs and hinata showing uncharacteristic bravery}}.	{{naruto and hinata}} might {{get married again in boruto}}.	{{forced character development}}.	{{solidarity or annoyance}}.	{{ragebaiting or discussing the ship in a neutral tone}} would spur many readers from this subreddit to feel {{angry}}.	{{negatively}} judge {{naruto and hinata}}.	{{support}} the author's opinion{{that naruto and hinata were meant to be together}}.			
668adbfcb3549e7f656159c6	Contextual-Reasoning-about-Narrative-Intents-and-Reactions-consent.html											I am age 18 or older.:::Yes	I have read and understand the information above.:::Yes	I want to participate in this research and continue with the study.:::Yes
66e982b2da4a8dde63eac56c	e6lszfu	{{share a comment}}.	{{engage others}}.	{{pride}}.	{{hopeful}}.	{{the narrator}} might {{express his or her feelings}}.	{{confidence}}.	{{appreciated}}.	{{the content}} would spur many readers from this subreddit to feel {{engaging}}.	{{positively}} judge {{the narrator}}.	{{agree to}} the author's opinion{{confidence}}.			
66e982b2da4a8dde63eac56c	e6jopi2	{{Engage the community}}.	{{Create social relationship}}.	{{appreciated}}.	{{anime is fascinating}}.	{{the title of the anime story}}.	{{Social involving}}.	{{social compassion}}.	{{suspense}} would spur many readers from this subreddit to feel {{appreciated}}.	{{positively}} judge {{Hinata}}.	{{support}} the author's opinion{{subreddit values anime specific content}}.			
66e982b2da4a8dde63eac56c	Contextual-Reasoning-about-Narrative-Intents-and-Reactions-consent.html											I am age 18 or older.:::Yes	I have read and understand the information above.:::Yes	I want to participate in this research and continue with the study.:::Yes
63fa78f21e485a372c6528fa	e5epqm3	{{relate their own experience with unusual perceptive states}}.	{{describe their own cognitive disfunction in the context of the topic}}.	{{a sense of relief in  finding their own community, supported}}.	{{the commenters detailed exploration of their own condition}} could be explained by {{insightful recognition of an unusual state of being}}.	{{the narrator}} might {{expect response from others who might see something of this themselves}}.	{{novel, untraditional}}.	{{amused, supportive}}.	{{curiosity, attentional engagement}} would spur many readers from this subreddit to feel {{understanding}}.	{{positively}} judge {{narrator}}.	{{be neutral to}} the author's opinion{{commenter's perceptive functions and medical self-diagnosis}}.			
63fa78f21e485a372c6528fa	9job99	{{move operating system onto ssd drive}}.	{{receive guidance from experienced users}}.	{{grateful for help, frustrated by an issue}}.	{{the issue has likely come up before and the poster might better have googled the problem}}.	{{a patient reader will soon respond helpfully, perhaps asking for additional details}}.	{{frugality of doing it yourself often poses new challenges}}.	{{sympathy, encouragement}}.	{{plea for assistance}} would spur many readers from this subreddit to feel {{sympathetic}}.	{{ neutrally]} judge {{ narrator }}.	{{support}} the author's opinion{{moving the operating system to the onboard ssd drive was ideal}}.			
63fa78f21e485a372c6528fa	Contextual-Reasoning-about-Narrative-Intents-and-Reactions-consent.html											I am age 18 or older.:::Yes	I have read and understand the information above.:::Yes	I want to participate in this research and continue with the study.:::Yes
60d018cc0f3faeaec2f7b7e5	e5epqm3	{{share a personal realization}}.	{{describe their experiences with reading and writing}}.	{{surprise}}.	{{the user's reading and writing difficulties}} could be explained by {{potential dyslexia and dysgraphia}}.	{{the narrator}} might {{seek further information or a diagnosis}}.	{{Self-discovery can lead to understanding personal challenges}}.	{{empathy}}.	{{The confessional tone}} would spur many readers from this subreddit to feel {{understanding}}.	{{neutrally}} judge {{the narrator}}.	{{support}} the author's opinion{{their past experiences might be explained by dyslexia and dysgraphia}}.			
60d018cc0f3faeaec2f7b7e5	9job99	{{seek help}}.	{{explain their current setup and ask for advice}}.	{{frustration}.	{{installing Windows on the HDD instead of the SSD}} could be explained by {{a lack of initial knowledge about the benefits of installing on an SSD}}.	{{the user}} might {{reinstall Windows on the SSD}}.	{{important to install the operating system on the fastest storage available}}.	{{sympathy}}.	{{the straightforward question}} would spur many readers from this subreddit to feel {{helpful}}.	{{positively}} judge {{the narrator}}.	{{support}} the author's opinion{{Windows should be on the SSD}}.			
60d018cc0f3faeaec2f7b7e5	Contextual-Reasoning-about-Narrative-Intents-and-Reactions-consent.html											I am age 18 or older.:::Yes	I have read and understand the information above.:::Yes	I want to participate in this research and continue with the study.:::Yes
6100372e3a116cb5cb36ebea	e57j7c4	{{inform about the ship's last known status}}.	{{provide context to the ship's disappearance mentioned earlier}}.	{{matter of fact}}.	{{the storm's severity}} could be explained by {{it causing tugboats to lose control of a massive ship}}.	{{the ship}} might {{become a hazard to navigation}}.	{{the ocean remains a powerful and unpredictable force}}.	{{a sense of the immense scale of the ocean}}.	{{presenting the information concisely}} would spur many readers from this subreddit to feel {{that it is a straightforward report}}.	{{neutrally}} judge {{the event as an unfortunate maritime incident}}.	{{be neutral to}} the author's opinion{{as the text primarily presents factual information}}.			
6100372e3a116cb5cb36ebea	Contextual-Reasoning-about-Narrative-Intents-and-Reactions-consent.html											I am age 18 or older.:::Yes	I have read and understand the information above.:::Yes	I want to participate in this research and continue with the study.:::Yes
6100372e3a116cb5cb36ebea	e5d48vs	{{offer a geopolitical explanation for the creation and support of Israel}}.	{{argue that Western powers' involvement in the region was driven by strategic interests rather than humanitarian concerns for Jews}}.	{{cynical about the motivations of Western leaders}}.	{{the British establishing a mandate in Palestine}} could be explained by {{their desire for a foothold in the Middle East}}.	{{the US}} might {{continue to prioritize oil resource control in its foreign policy}}.	{{be wary of the stated intentions of powerful nations}}.	{{distrust towards established political narratives}}.	{{presenting a cynical and critical interpretation of historical events}} would spur many readers from this subreddit to feel {{skepticism}}.	{{negatively}} judge {{Western leadership for prioritizing oil and war profits}}.	{{support}} the author's opinion{{that Western involvement in the Middle East is primarily for resource control}}.			
67db7a7ba2c6c7f63636602c	e57j7c4	 Highlight and probably complain about the disappearance of a ship and other security concerns about the ocean.	To get his thoughts out for others to understand	 Acknowledged. That he is not the only one concerned about it.	 There are many issues that happen at sea beyond the control of man.	 The search for the ship has not stopped. Other ships are more aware of the dangers at sea	{{MORAL/THEME}}. The dangers associated with sea transport 	{{FEELING/EMOTION}}. Concerned, worried, curious	{{BRIEF DESCRIPTION OF TECHNIQUE OR FORMAL ELEMENT}} would spur many readers from this subreddit to feel {{FEELING}}. Curiosity and quest to know more about the story.	"{{EITHER ""positively"", ""negatively"", or ""neutrally""}} judge {{EITHER ""narrator"" OR IDENTIFIER/NAME OF OTHER CHARACTER FROM STORY}}. React negatively while others will be hopeful"	"{{EITHER ""support"", ""counter"", or ""be neutral to""}} the author's opinion{{SHORT DESCRIPTION OF AUTHOR'S OPINION/STANCE}}. I think many readers will be supportive and want to know more about the story."			
67db7a7ba2c6c7f63636602c	Contextual-Reasoning-about-Narrative-Intents-and-Reactions-consent.html											I am age 18 or older.:::Yes	I have read and understand the information above.:::Yes	I want to participate in this research and continue with the study.:::Yes
67db7a7ba2c6c7f63636602c	e5d48vs	{{SHORT VERB PHRASE DESCRIBING OVERALL GOAL}}. Information dissemination, that is what the author is doing.	{{SHORT VERB PHRASE DESCRIBING NARRATIVE INTENT}}. Educate readers on the topic and keep them up to date	{{SHORT NOUN PHRASE DESCRIBING EMOTION}}. Supported, that people agree with what he said and is doing.	{{SHORT DESCRIPTION OF SITUATION/STATE/ACTION FROM STORY}} could be explained by {{SHORT EXPLANATION}}. Is this real? Did it really happen?	"{{EITHER ""the narrator"" or NAME/IDENTIFIER OF OTHER CHARACTER OR THING FROM STORY}} might {{SHORT DESCRIPTION OF ACTION OR STATE}}. Change of beliefs, views and perception relating to the topic."	{{MORAL/THEME}}. How the powerful nations use their resources to reign over others.	{{FEELING/EMOTION}}. Hope, positive about the future	{{BRIEF DESCRIPTION OF TECHNIQUE OR FORMAL ELEMENT}} would spur many readers from this subreddit to feel {{FEELING}}. Concern, wanting to know more and researching on the topic.	"{{EITHER ""positively"", ""negatively"", or ""neutrally""}} judge {{EITHER ""narrator"" OR IDENTIFIER/NAME OF OTHER CHARACTER FROM STORY}}. Neither positive or negative, they will want it to get better."	"{{EITHER ""support"", ""counter"", or ""be neutral to""}} the author's opinion{{SHORT DESCRIPTION OF AUTHOR'S OPINION/STANCE}}. Many readers will likely support the author as the narration appears real."			
63ffcb367b500c516d0648a2	e6nf44c	{{normalize the unpredictability of crashes and provide perspective through personal experience}}.	{{convey a similar experience and challenge the belief that crashes are always due to recklessness}}.	{{a sense of connection and validation}}.	{{The dad laying down his bike in the driveway}} could be explained by {{a momentary loss of footing while handling a heavy motorcycle}}.	{{the narrator}} might {{continue riding but with heightened caution and awareness of unpredictable hazards}}.	{{stay humble because anyone can crash}}.	{{empathy and cautious respect}}.	{{personal anecdotes and vivid and relatable details}} would spur many readers from this subreddit to feel {{being engaged and connected}}.	{{positively}} judge {{the narrator}}.	{{support}} the author's opinion{{crashes can happen to anyone regardless of the skill or bike size meaning that riders should really should have awareness and responsibility for their actions }}.			
63ffcb367b500c516d0648a2	Contextual-Reasoning-about-Narrative-Intents-and-Reactions-consent.html											I am age 18 or older.:::Yes	I have read and understand the information above.:::Yes	I want to participate in this research and continue with the study.:::Yes
63ffcb367b500c516d0648a2	e6a8us5	{{entertain with a humorous wildlife anecdote}}.	{{make others laugh by sharing a silly encounter}}.	{{amused and nostalgic}}.	{{raccoons washing hot dogs in the lake}} could be explained by {{attempt to cool down the spicy food after being burned by the hot sauce}}.	{{the raccoons}} might {{continue to outsmart the humans with clever food type thefts}}.	{{turning mischief into comedy}}.	{{amusement}}.	{{a casual and humorous storytelling with vivid imagery}} would spur many readers from this subreddit to feel {{amused}}.	{{positively}} judge {{the narrator's mom and her friend}}.	{{support}} the author's opinion{{clever humor can sometimes outsmart mischievous animals}}.			
5a89cc2c000dab00018cbd38	e6cdhkk	Vent about an unfair decision.	Vent about an unfair decision.	Vindication.	The author was correct.	The commissioner might continue to make unfair choices.	Importance of fairness and consistency.	Sympathy.	The desire to know more about the cash reward would spur many readers from this subreddit to feel curiosity.	Negatively judge the commissioner.	Support the author's opinion that they were treated unfairly.			
5a89cc2c000dab00018cbd38	Contextual-Reasoning-about-Narrative-Intents-and-Reactions-consent.html											I am age 18 or older.:::Yes	I have read and understand the information above.:::Yes	I want to participate in this research and continue with the study.:::Yes
5a89cc2c000dab00018cbd38	e6r81fb	Minimize the offense of the motorcyclist.	Take the motorcyclist's side.	Supported.	The accident could be explained by the car driver merging incorrectly.	The original poster might agree with the author.	Exercising awareness of the road.	Cautious.	The potential of the driver's accountability for the accident would spur many readers from this subreddit to feel forgiving.	Negatively judge the car driver.	Support the author's opinion that there is shared blame.			
674df71dd20065d29a151f43	e6enttu	Emphasize the importance of a full face helmet.	Teach a life lesson based on experience.	Helpful.	The poster's advice is based on their experiences.	The poster will continue to advocate for full-face helmets.	To always wear a full-face helmet.	Empathy.	Anecdotal storytelling would make the redditors feels like the poster has some credibility on this topic.	Positively judge the poster.	Support the author's opinion that everyone should always wear a full-face helmet.			
674df71dd20065d29a151f43	Contextual-Reasoning-about-Narrative-Intents-and-Reactions-consent.html											I am age 18 or older.:::Yes	I have read and understand the information above.:::Yes	I want to participate in this research and continue with the study.:::Yes
674df71dd20065d29a151f43	9fhhk2	Show appreciation for NFL play-calling strategies.	Entertain the sub-reddit.	A sense of accomplishment.	The author is a fan of the Vikings or the 49ers	Kyle Shanahan and Mike Zimmer will continue to make great adjustments and play calls.	These coaches are experts in their field, as well as creative and strategic.	Enlightened by the deep strategy displayed.	Sequential and suspenseful story-telling.	Positively judge both the narrator and the coaches described in the story.	Support the author's opinion that these coaches are great play-callers.			
6478e5fc76f5ecbc4f0ed353	e6n70d2	{{Share a relevant, funny story related to the conversation}}.	{{To entertain others while conveying a similar experience}}.	{{sympathetic and a bit of connection}}.	{{the supervisor yelling while being so close by}} could be explained by {{the supervisor purposely scaring the employee for fun}}.	{{the employee/narrator}} might {{be frustrated with their supervisor}}.	{{supervisors/employers may get joy out of startling their employees}}.	{{sympathy and a connection}}.	{{attentional engagement}} would spur many readers from this subreddit to feel {{sympathy}}.	{{negatively}} judge {{the supervisor character from the story}}.	{{support}} the author's opinion{{that supervisors/employers intentionally startle employees just for fun}}.			
6478e5fc76f5ecbc4f0ed353	Contextual-Reasoning-about-Narrative-Intents-and-Reactions-consent.html											I am age 18 or older.:::Yes	I have read and understand the information above.:::Yes	I want to participate in this research and continue with the study.:::Yes
6478e5fc76f5ecbc4f0ed353	e5yv7ax	{{Reinforce the commonly shared opinion within the thread}}.	{{convey based on their research that they have a similar opinion}}.	{{a connection with others within the thread}}.	{{She-Hulks portrayal went in a strange direction}} could be explained by {{a common phenomenon to objectify female superheroes}}.	{{She-Hulk}} might {{be objectified for no particular reason}}.	{{female superheroes should not be objectified, especially when the story could be focused on other points from their background/goals}}.	{{a bit of disappointment}}.	{{The agreement and additional context}} would spur many readers from this subreddit to feel {{disappointed}}.	{{Positively}} judge {{the narrator and their opinion}}.	{{Support}} the author's opinion{{that She-Hulk was needlessly objectified}}.			
6331b9456956d880a1e4632f	e6hk6xd	{{Inform them of his own experiences and let them know what he had been through when he had encountered certain wildlife}}.	{{Inform other people about his experiences}}.	{{Somewhat courageous in the way that the story was told}}.	{{The commenter is very brave for being around these animals and that this is for sure from his own experiences of surrounding himself with wildlife}}.	{{The person telling this story has a lot of experience that they are trying to share with other people in case they also come across this sort of interaction in the future}}.	{{That wildlife will not disturb you if you do not disturb it and then wildlife is very afraid in general}}.	{{Happy that there is someone online who is willing to share important information with those who are willing to read}}.	{{Storytelling and being in the moment where people can relate to the information that is being told to them as it is being told in a descriptive way}} 	{{Feel very thankful and positive towards the person who made the comment as they would feel like they now have a lot of important information that they can apply to their lives}}.	{{Absolutely support this information and would see it as helpful and also comprehensive when dealing with wildlife in the future}}.			
6331b9456956d880a1e4632f	e6p0wxp	Not take responsibility for possibly being misunderstood. 	Describe something that was very important to them, but also to point out disagreement.	Vulnerable and argumentative 	There is an argument and disagreement going on between two people because of the response and situation as well as the argumentative tone.	There will be many responses between the two people and that they are going to have an argument with one another regarding the differences in overall opinion. 	that arguing online is not going to change minds and also does seem like a giant waste of time.	Passive, as if they do not want to continue reading this argument and message.	an argumentative and confrontational type of response. It also does show that the author is possibly open to some type of further discussion.	Not judge the commenter very positively. They would see the commenter as argumentative and also threatening and dramatic. 	think that the author is coming off as being very silly and they would not support the author at all while also seeing them as childish. 			
6331b9456956d880a1e4632f	Contextual-Reasoning-about-Narrative-Intents-and-Reactions-consent.html											I am age 18 or older.:::Yes	I have read and understand the information above.:::Yes	I want to participate in this research and continue with the study.:::Yes
672b3a3995b99c521d07d2fb	e5canpe	{{seek support for an idea or value they're trying to point out for others }}.	{{express their opinion about a situation or belief}}.	{{ingenious}}.	{{the researcher wanting to juke the result}} could be explained by {{the fact that she was too affected emotionally by the work she was doing with the marginalized communities}}.	{{the researcher}} might {{end up getting over her emotional state and not juke the result of the test}}.	{{Independence}}.	{{Sympathy for the researcher}}.	"{{the use of the word ""Interesting"" with the ellipses }} would spur many readers from this subreddit to feel {{contempt for the narrator}}."	{{negatively}} judge {{the narrator of the story }}.	{{counter}} the author's opinion{{that the researcher's contemplating whether to juke the test result was because of her work with marginalized communities}}.			
672b3a3995b99c521d07d2fb	Contextual-Reasoning-about-Narrative-Intents-and-Reactions-consent.html											I am age 18 or older.:::Yes	I have read and understand the information above.:::Yes	I want to participate in this research and continue with the study.:::Yes
672b3a3995b99c521d07d2fb	e5ugyed	{{get their point across to readers in order to reinforce a view}}.	{{Rationalize a belief or course of action}}.	{{Angry}}.	{{the narrator not liking pride events}} could be explained by {{activities that occurs there that doesn't align with who they are as a person}}.	{{narrator }} might {{not have want to advertised all the personal information but only did so out of frustration}}.	{{Tolerance}}.	{{conflicted}}.	{{direct and confrontational relation of what the narrator has gone through}} would spur many readers from this subreddit to feel {{interested}}.	{{positively}} judge {{the narrator and try to relate with her story}}.	{{agree with}} the author's opinion{{some of the activities that occur at pride events makes them not desirable as a destination}}.			
67ab596936b58c119548d589	e66hrej	{{SHORT VERB PHRASE DESCRIBING OVERALL GOAL}}.sharing of experience	{{SHORT VERB PHRASE DESCRIBING NARRATIVE INTENT}}.importance of constant training 	{{SHORT NOUN PHRASE DESCRIBING EMOTION}}.reflect personal experience	{{SHORT DESCRIPTION OF SITUATION/STATE/ACTION FROM STORY}} could be explained by {{SHORT EXPLANATION}}.inconsistent training 	"{{EITHER ""the narrator"" or NAME/IDENTIFIER OF OTHER CHARACTER OR THING FROM STORY}} might {{SHORT DESCRIPTION OF ACTION OR STATE}}.adjust their training to increase muscle growth "	{{MORAL/THEME}}.its important to preserve lean mass	{{FEELING/EMOTION}}.stay consistent 	{{BRIEF DESCRIPTION OF TECHNIQUE OR FORMAL ELEMENT}} would spur many readers from this subreddit to feel {{FEELING}}.it will encourage being informed	"{{EITHER ""positively"", ""negatively"", or ""neutrally""}} judge {{EITHER ""narrator"" OR IDENTIFIER/NAME OF OTHER CHARACTER FROM STORY}}.judge"	"{{EITHER ""support"", ""counter"", or ""be neutral to""}} the author's opinion{{SHORT DESCRIPTION OF AUTHOR'S OPINION/STANCE}}.it necessary for to avoid loosing lean mass"			
67ab596936b58c119548d589	Contextual-Reasoning-about-Narrative-Intents-and-Reactions-consent.html											I am age 18 or older.:::Yes	I have read and understand the information above.:::Yes	I want to participate in this research and continue with the study.:::Yes
67ab596936b58c119548d589	e6amjzy	{{SHORT VERB PHRASE DESCRIBING OVERALL GOAL}}. posting on social media	{{SHORT VERB PHRASE DESCRIBING NARRATIVE INTENT}}.it portrays map making potentials	{{SHORT NOUN PHRASE DESCRIBING EMOTION}}. the author will feel special	{{SHORT DESCRIPTION OF SITUATION/STATE/ACTION FROM STORY}} could be explained by {{SHORT EXPLANATION}}.	"{{EITHER ""the narrator"" or NAME/IDENTIFIER OF OTHER CHARACTER OR THING FROM STORY}} might {{SHORT DESCRIPTION OF ACTION OR STATE}}.there is need for accuracy and Precetion from the military"	{{MORAL/THEME}}. hard work leaves lasting impression	{{FEELING/EMOTION} gain of hard work and challenges of the military	{{BRIEF DESCRIPTION OF TECHNIQUE OR FORMAL ELEMENT}} would spur many readers from this subreddit to feel {{FEELING}}. conversation the post will spur many reader to have sense of connect	"{{EITHER ""positively"", ""negatively"", or ""neutrally""}} judge {{EITHER ""narrator"" OR IDENTIFIER/NAME OF OTHER CHARACTER FROM STORY}}.judge"	"{{EITHER ""support"", ""counter"", or ""be neutral to""}} the author's opinion{{SHORT DESCRIPTION OF AUTHOR'S OPINION/STANCE}}.the author will gain support through the value of the hectic military duties "			
