Submission id,Participant id,Status,Custom study tncs accepted at,Started at,Completed at,Reviewed at,Archived at,Time taken,Completion code,Total approvals,Fluent languages,Social-media,Age,Sex,Ethnicity simplified,Country of birth,Country of residence,Nationality,Language,Student status,Employment status
6826424bd9bb6f917ff9bd1b,5bfff7c02213be0001c2c7cf,APPROVED,Not Applicable,2025-05-15T19:36:50.781000Z,2025-05-15T20:03:59.496000Z,2025-05-22T17:34:13.769000Z,2025-05-15T20:04:02.946879Z,1629.0,C163MEYK,4464,"Spanish, English","Facebook, Youtube, Instagram, Reddit",35,Female,White,United States,United States,United States,English,No,DATA_EXPIRED
68264265b321bf3fb8c63e53,66f3a7b0ad2379b0cf6bf5f5,APPROVED,Not Applicable,2025-05-15T19:38:11.949000Z,2025-05-15T20:18:59.829000Z,2025-05-22T17:34:07.438000Z,2025-05-15T20:19:00.483354Z,2448.0,C163MEYK,25,English,"Facebook, Youtube, Twitter, Pinterest, Reddit, Instagram, Snapchat, TikTok",24,Male,White,United States,United States,United States,English,Yes,Unemployed (and job seeking)
68264266136db0ca97eb02da,5c1ebf5f658e9200017ae7e9,RETURNED,Not Applicable,2025-05-15T19:37:16.110000Z,,,2025-07-29T06:40:48.319375Z,,,8495,CONSENT_REVOKED,CONSENT_REVOKED,CONSENT_REVOKED,CONSENT_REVOKED,CONSENT_REVOKED,CONSENT_REVOKED,CONSENT_REVOKED,CONSENT_REVOKED,CONSENT_REVOKED,CONSENT_REVOKED,CONSENT_REVOKED
682642704e6b4becaf96af4f,66fc3eca57fcbf1065703183,APPROVED,Not Applicable,2025-05-15T19:37:34.563000Z,2025-05-15T20:12:35.600000Z,2025-05-22T17:34:14.031000Z,2025-05-15T20:12:36.188945Z,2102.0,C163MEYK,1112,English,"Facebook, TikTok, Youtube, Reddit",47,Female,White,United States,United States,United States,English,No,Full-Time
68264275ac16521f6114e082,66463e4efb99fba5a67a010a,RETURNED,Not Applicable,2025-05-15T19:37:31.514000Z,,,2025-07-29T06:40:48.321045Z,,,2659,CONSENT_REVOKED,CONSENT_REVOKED,CONSENT_REVOKED,CONSENT_REVOKED,CONSENT_REVOKED,CONSENT_REVOKED,CONSENT_REVOKED,CONSENT_REVOKED,CONSENT_REVOKED,CONSENT_REVOKED,CONSENT_REVOKED
682642a5b1bd349f0b18f2d6,60ef2700e476748689a999f7,RETURNED,Not Applicable,2025-05-15T19:38:18.034000Z,,,2025-07-29T06:40:48.320929Z,,,7984,CONSENT_REVOKED,CONSENT_REVOKED,CONSENT_REVOKED,CONSENT_REVOKED,CONSENT_REVOKED,CONSENT_REVOKED,CONSENT_REVOKED,CONSENT_REVOKED,CONSENT_REVOKED,CONSENT_REVOKED,CONSENT_REVOKED
682642b1db92d1dde409b93f,5ed2bd34e1e0e70c6aea6adf,APPROVED,Not Applicable,2025-05-15T19:38:42.940000Z,2025-05-15T19:55:02.289000Z,2025-05-22T17:34:14.291000Z,2025-05-15T19:55:02.930832Z,980.0,C163MEYK,384,English,"Twitter, Pinterest, Instagram, Reddit",31,Female,White,United States,United States,United States,English,No,Full-Time
682642bf7691fe5ac71dc703,67acf9eefc6ddf9a81caaeda,APPROVED,Not Applicable,2025-05-15T19:38:47.092000Z,2025-05-15T19:44:34.059000Z,2025-05-22T17:34:14.605000Z,2025-05-15T19:44:34.611693Z,347.0,C163MEYK,667,English,"Youtube, Linkedin, Pinterest, Instagram, Reddit, TikTok",41,Female,White,United States,United States,United States,English,No,Full-Time
682642cbcfa0b3d6b959bb1b,62cbf51439a76e8fccd8a495,APPROVED,Not Applicable,2025-05-15T19:39:24.656000Z,2025-05-15T20:02:47.159000Z,2025-05-22T17:34:14.890000Z,2025-05-15T20:02:47.754361Z,1403.0,C163MEYK,7542,English,"Facebook, Pinterest, Instagram, Reddit, Snapchat",61,Female,White,United States,United States,United States,English,No,Full-Time
682642d651b5db3e269ba6c7,5d6eea19b26c1100010cb6f3,APPROVED,Not Applicable,2025-05-15T19:39:06.276000Z,2025-05-15T19:59:56.257000Z,2025-05-22T17:34:15.233000Z,2025-05-15T19:59:56.830324Z,1250.0,C163MEYK,1100,English,"Youtube, Reddit",32,Female,White,United States,United States,United States,English,No,Full-Time
682642f09c7b766a03e3c7c2,67d0a404e7ea4ada87a0cd77,RETURNED,Not Applicable,2025-05-15T19:49:28.904000Z,,,2025-07-29T06:40:48.323823Z,,,1531,CONSENT_REVOKED,CONSENT_REVOKED,CONSENT_REVOKED,CONSENT_REVOKED,CONSENT_REVOKED,CONSENT_REVOKED,CONSENT_REVOKED,CONSENT_REVOKED,CONSENT_REVOKED,CONSENT_REVOKED,CONSENT_REVOKED
682643037ceb05a917e8de0f,67363452674f3db8059e7888,RETURNED,Not Applicable,2025-05-15T19:39:47.705000Z,,,2025-07-29T06:40:48.323992Z,,,1974,CONSENT_REVOKED,CONSENT_REVOKED,CONSENT_REVOKED,CONSENT_REVOKED,CONSENT_REVOKED,CONSENT_REVOKED,CONSENT_REVOKED,CONSENT_REVOKED,CONSENT_REVOKED,CONSENT_REVOKED,CONSENT_REVOKED
68264340dc3f00b60c3086ad,67d47bef1b8777e754726be0,RETURNED,Not Applicable,2025-05-15T19:40:48.409000Z,,,2025-07-29T06:40:48.327193Z,,,2614,CONSENT_REVOKED,CONSENT_REVOKED,CONSENT_REVOKED,CONSENT_REVOKED,CONSENT_REVOKED,CONSENT_REVOKED,CONSENT_REVOKED,CONSENT_REVOKED,CONSENT_REVOKED,CONSENT_REVOKED,CONSENT_REVOKED
68264341e3a63161b9092075,678beb306e32ea110dfdfc4b,APPROVED,Not Applicable,2025-05-15T19:40:56.965000Z,2025-05-15T20:06:52.790000Z,2025-05-22T17:34:15.677000Z,2025-05-15T20:06:53.349505Z,1556.0,C163MEYK,1067,English,"Facebook, Youtube, Twitter, Linkedin, Pinterest, Instagram, Reddit",35,Female,White,United States,United States,United States,English,Yes,Unemployed (and job seeking)
68264362088a9da0b764a7fa,674d74930bb10f46df1ca2db,RETURNED,Not Applicable,2025-05-15T19:41:39.539000Z,,,2025-07-29T06:40:48.328283Z,,,890,CONSENT_REVOKED,CONSENT_REVOKED,CONSENT_REVOKED,CONSENT_REVOKED,CONSENT_REVOKED,CONSENT_REVOKED,CONSENT_REVOKED,CONSENT_REVOKED,CONSENT_REVOKED,CONSENT_REVOKED,CONSENT_REVOKED
682643669474c6fdd0fbd22b,61705235c277934df17055e6,RETURNED,Not Applicable,2025-05-15T19:41:57.018000Z,,,2025-07-29T06:40:48.328811Z,,,11024,CONSENT_REVOKED,CONSENT_REVOKED,CONSENT_REVOKED,CONSENT_REVOKED,CONSENT_REVOKED,CONSENT_REVOKED,CONSENT_REVOKED,CONSENT_REVOKED,CONSENT_REVOKED,CONSENT_REVOKED,CONSENT_REVOKED
6826437e984bea4e003156ef,67e2c9c44e371ab5e727a8e2,APPROVED,Not Applicable,2025-05-15T19:42:36.100000Z,2025-05-15T20:01:30.278000Z,2025-05-22T17:34:07.730000Z,2025-05-15T20:01:30.833744Z,1135.0,C163MEYK,471,English,"Facebook, Youtube, Twitter, Linkedin, Pinterest, Instagram, Reddit, Snapchat, TikTok, Medium",33,Male,White,United States,United States,United States,English,No,Full-Time
682643cfb8ac8da696f02971,5685850c333cbd000d4e042f,RETURNED,Not Applicable,2025-05-15T19:43:15.086000Z,,,2025-07-29T06:40:48.329519Z,,,9082,CONSENT_REVOKED,CONSENT_REVOKED,CONSENT_REVOKED,CONSENT_REVOKED,CONSENT_REVOKED,CONSENT_REVOKED,CONSENT_REVOKED,CONSENT_REVOKED,CONSENT_REVOKED,CONSENT_REVOKED,CONSENT_REVOKED
682644294276c75b4240b01e,67e5332fd4a2fce36b985eea,APPROVED,Not Applicable,2025-05-15T19:45:17.245000Z,2025-05-15T20:57:10.055000Z,2025-05-22T17:34:15.962000Z,2025-05-15T20:57:11.285344Z,4313.0,C163MEYK,228,English,"Youtube, Twitter, Linkedin, Pinterest, Facebook, Instagram, Reddit, TikTok",48,Female,White,United States,United States,United States,English,No,Unemployed (and job seeking)
68264444f783f11a00e8df84,67220672fa3c9b805491dd95,APPROVED,Not Applicable,2025-05-15T19:45:17.197000Z,2025-05-15T20:16:36.427000Z,2025-05-22T17:34:16.241000Z,2025-05-15T20:16:37.140955Z,1880.0,C163MEYK,405,English,"Facebook, Youtube, Twitter, Linkedin, Pinterest, Instagram, Reddit, Snapchat, TikTok",40,Female,White,United States,United States,United States,English,No,Full-Time
6826449eb7eda0f572e242a0,5e0e1b8800a6bf000a694f79,APPROVED,Not Applicable,2025-05-15T19:48:38.642000Z,2025-05-15T20:23:53.738000Z,2025-05-22T17:34:16.542000Z,2025-05-15T20:23:54.267940Z,2116.0,C163MEYK,5767,English,"Reddit, Facebook, Youtube, Pinterest",31,Female,White,United States,United States,United States,English,DATA_EXPIRED,Full-Time
682645372be4d288a0385bf6,67eacc398161cead21ef5e0a,APPROVED,Not Applicable,2025-05-15T19:49:19.055000Z,2025-05-15T20:04:05.562000Z,2025-05-22T17:34:16.841000Z,2025-05-15T20:04:06.232549Z,887.0,C163MEYK,452,English,"Facebook, Youtube, Twitter, TikTok, Snapchat, Instagram, Reddit, Google Plus",35,Female,White,United States,United States,United States,English,No,Due to start a new job within the next month
68265061a0d3a104699b9b0c,67d9bfed35d1baab188a6502,APPROVED,Not Applicable,2025-05-15T20:37:12.932000Z,2025-05-15T21:15:50.857000Z,2025-05-22T17:34:08.123000Z,2025-05-15T21:15:51.446465Z,2318.0,C163MEYK,485,English,"Facebook, Twitter, Youtube, Linkedin, Google Plus, Pinterest, Instagram, Tumblr, Reddit, VK (ВКонтакте), Flickr, Vine.co, ask.fm, Snapchat, TikTok",22,Male,White,United States,United States,United States,English,Yes,Part-Time
68265061d0264426160a9944,5d23cee7771223001647e8c7,RETURNED,Not Applicable,2025-05-15T20:37:08.414000Z,,,2025-07-29T06:40:48.332650Z,,,1817,CONSENT_REVOKED,CONSENT_REVOKED,CONSENT_REVOKED,CONSENT_REVOKED,CONSENT_REVOKED,CONSENT_REVOKED,CONSENT_REVOKED,CONSENT_REVOKED,CONSENT_REVOKED,CONSENT_REVOKED,CONSENT_REVOKED
6826506815b188bf266f02cc,651b29ff3a6cadf518640abe,APPROVED,Not Applicable,2025-05-15T20:36:56.204000Z,2025-05-15T21:06:31.609000Z,2025-05-22T17:34:17.172000Z,2025-05-15T21:06:32.278508Z,1776.0,C163MEYK,3301,"English, Chinese","Facebook, Youtube, Reddit",57,Female,Asian,China,United States,United States,Chinese,No,Part-Time
6826506b15aebbbd2c2e4f19,60feddab2db9528af033d65f,APPROVED,Not Applicable,2025-05-15T20:37:03.997000Z,2025-05-15T20:57:36.403000Z,2025-05-22T17:34:17.497000Z,2025-05-15T20:57:36.975610Z,1233.0,C163MEYK,1658,English,"Youtube, Pinterest, Instagram, Reddit, TikTok",35,Female,White,United States,United States,United States,English,No,Full-Time
682650d84abcb4db1f21ffc6,63eb13f36c0fe9ba20d45234,RETURNED,Not Applicable,2025-05-15T20:39:31.302000Z,,,2025-07-29T06:40:48.331690Z,,,3097,CONSENT_REVOKED,CONSENT_REVOKED,CONSENT_REVOKED,CONSENT_REVOKED,CONSENT_REVOKED,CONSENT_REVOKED,CONSENT_REVOKED,CONSENT_REVOKED,CONSENT_REVOKED,CONSENT_REVOKED,CONSENT_REVOKED
682650dd561c70cd637b6465,66db455debd3438472ba6fc6,APPROVED,Not Applicable,2025-05-15T20:43:42.551000Z,2025-05-15T21:22:29.536000Z,2025-05-22T17:34:17.755000Z,2025-05-15T21:22:30.150061Z,2327.0,C163MEYK,1063,English,"Facebook, Youtube, Pinterest, Reddit",47,Female,White,United States,United States,United States,English,No,Other
682650df315482fcdb3b59cd,67757553ccb7cd2a4385b679,APPROVED,Not Applicable,2025-05-15T20:39:42.897000Z,2025-05-15T21:01:07.111000Z,2025-05-22T17:34:18.016000Z,2025-05-15T21:01:07.646065Z,1285.0,C163MEYK,1029,English,"Facebook, Youtube, Twitter, Pinterest, Instagram, Reddit",59,Female,White,United States,United States,United States,English,No,"Not in paid work (e.g. homemaker', 'retired or disabled)"
682650eb883ca253be9d0154,63e7f2a754618d35c2b61ba5,RETURNED,Not Applicable,2025-05-15T20:39:07.419000Z,,,2025-07-29T06:40:48.332020Z,,,4218,CONSENT_REVOKED,CONSENT_REVOKED,CONSENT_REVOKED,CONSENT_REVOKED,CONSENT_REVOKED,CONSENT_REVOKED,CONSENT_REVOKED,CONSENT_REVOKED,CONSENT_REVOKED,CONSENT_REVOKED,CONSENT_REVOKED
682650f8a882fb37598d155d,60d018cc0f3faeaec2f7b7e5,APPROVED,Not Applicable,2025-05-15T20:39:37.479000Z,2025-05-15T21:54:20.030000Z,2025-05-22T17:34:18.295000Z,2025-05-15T21:54:20.779129Z,4483.0,C163MEYK,2139,English,"Facebook, Youtube, Twitter, Instagram, Reddit, TikTok, Snapchat",41,Female,White,United States,United States,United States,English,DATA_EXPIRED,Full-Time
6826510bafbabef6166a7815,654a4af167b220e3e09db408,RETURNED,Not Applicable,2025-05-15T20:39:50.690000Z,,,2025-07-29T06:40:48.335268Z,,,2470,CONSENT_REVOKED,CONSENT_REVOKED,CONSENT_REVOKED,CONSENT_REVOKED,CONSENT_REVOKED,CONSENT_REVOKED,CONSENT_REVOKED,CONSENT_REVOKED,CONSENT_REVOKED,CONSENT_REVOKED,CONSENT_REVOKED
682651176468fd73f8e7204b,67722f8e3a4f08a288a1f640,APPROVED,Not Applicable,2025-05-15T20:40:06.395000Z,2025-05-15T21:00:12.174000Z,2025-05-22T17:34:18.612000Z,2025-05-15T21:00:12.775682Z,1206.0,C163MEYK,921,English,"Facebook, Youtube, Twitter, Reddit, TikTok",57,Female,White,United States,United States,United States,English,No,Full-Time
6826515753a46fb494950518,5e35fe137169145c27eac095,APPROVED,Not Applicable,2025-05-15T20:40:59.205000Z,2025-05-15T20:56:54.707000Z,2025-05-22T17:34:08.412000Z,2025-05-15T20:56:55.396517Z,956.0,C163MEYK,759,English,"Reddit, Linkedin, Twitter",35,Male,Mixed,United States,United States,United States,English,No,DATA_EXPIRED
6826515e08b280d11fa0d32e,6441356d5337fd4714939734,RETURNED,Not Applicable,2025-05-15T20:41:10.758000Z,,,2025-07-29T06:40:48.336500Z,,,4375,CONSENT_REVOKED,CONSENT_REVOKED,CONSENT_REVOKED,CONSENT_REVOKED,CONSENT_REVOKED,CONSENT_REVOKED,CONSENT_REVOKED,CONSENT_REVOKED,CONSENT_REVOKED,CONSENT_REVOKED,CONSENT_REVOKED
6826515e3d1778c9d2bb0bd3,67d9c6ef6eaf9b719761a923,APPROVED,Not Applicable,2025-05-15T20:41:20.607000Z,2025-05-15T20:50:56.620000Z,2025-05-22T17:34:18.883000Z,2025-05-15T20:50:57.149539Z,577.0,C163MEYK,336,English,"Youtube, Twitter, Linkedin, Instagram, Reddit, TikTok, Tumblr, Facebook",40,Female,Black,United States,United States,United States,English,No,Part-Time
6826516168570cd2df4b4540,67e30a711d042bae7c4c5ce5,APPROVED,Not Applicable,2025-05-15T20:46:44.473000Z,2025-05-15T21:44:49.832000Z,2025-05-22T17:34:19.199000Z,2025-05-15T21:44:50.400705Z,3486.0,C163MEYK,464,"English, Swahili, Spanish, German","Facebook, Linkedin, Twitter, Reddit, Instagram",27,Female,White,United States,United States,United States,English,No,Full-Time
682651cbb7eda0f572e24515,67e5566b1168a1cd37250362,APPROVED,Not Applicable,2025-05-15T20:43:27.849000Z,2025-05-15T21:30:27.015000Z,2025-05-22T17:34:08.691000Z,2025-05-15T21:30:27.535229Z,2820.0,C163MEYK,129,English,"Facebook, Youtube, Twitter, TikTok, Snapchat, Linkedin, Google Plus, Tumblr, Instagram, Reddit",29,Male,White,United States,United States,United States,English,No,Part-Time
682651f2f62a93916a6f8e2f,5da8edc60f9c9c0017526948,RETURNED,Not Applicable,2025-05-15T20:43:35.797000Z,,,2025-07-29T06:40:48.339865Z,,,5097,CONSENT_REVOKED,CONSENT_REVOKED,CONSENT_REVOKED,CONSENT_REVOKED,CONSENT_REVOKED,CONSENT_REVOKED,CONSENT_REVOKED,CONSENT_REVOKED,CONSENT_REVOKED,CONSENT_REVOKED,CONSENT_REVOKED
68265241fc6b3682b287b8a5,668568bb50fdf898014285b7,RETURNED,Not Applicable,2025-05-15T20:46:04.640000Z,,,2025-07-29T06:40:48.340835Z,,,2174,CONSENT_REVOKED,CONSENT_REVOKED,CONSENT_REVOKED,CONSENT_REVOKED,CONSENT_REVOKED,CONSENT_REVOKED,CONSENT_REVOKED,CONSENT_REVOKED,CONSENT_REVOKED,CONSENT_REVOKED,CONSENT_REVOKED
6826527434b7382b38fa40d9,63ffcb367b500c516d0648a2,APPROVED,Not Applicable,2025-05-15T20:45:47.210000Z,2025-05-15T21:48:43.357000Z,2025-05-22T17:34:09.790000Z,2025-05-15T21:48:43.864066Z,3777.0,C163MEYK,5897,English,"Facebook, Youtube, Linkedin, Instagram, Reddit",39,Male,White,United States,United States,United States,English,No,Full-Time
682653660837cb27d1d674f0,6567492900b32685a1ca02ae,APPROVED,Not Applicable,2025-05-15T20:49:47.501000Z,2025-05-15T21:07:23.974000Z,2025-05-22T17:34:19.536000Z,2025-05-15T21:07:24.535255Z,1057.0,C163MEYK,2501,English,"Facebook, Youtube, Instagram, Reddit, TikTok",45,Female,White,United States,United States,United States,English,Yes,Part-Time
682653b1a8b08702c98e8659,67df4fe91fd6e35cf3478cdf,APPROVED,Not Applicable,2025-05-15T20:54:27.720000Z,2025-05-15T21:45:35.702000Z,2025-05-22T17:34:10.094000Z,2025-05-15T21:45:36.204833Z,3068.0,C163MEYK,451,English,"Facebook, Youtube, Twitter, Linkedin, Pinterest, Instagram, Reddit, Snapchat, TikTok",37,Male,Black,United States,United States,United States,English,No,Full-Time
682654200173da0e36933710,67439be8ee2236a7c078d523,RETURNED,Not Applicable,2025-05-15T20:53:00.930000Z,,,2025-07-29T06:40:48.340882Z,,,2092,CONSENT_REVOKED,CONSENT_REVOKED,CONSENT_REVOKED,CONSENT_REVOKED,CONSENT_REVOKED,CONSENT_REVOKED,CONSENT_REVOKED,CONSENT_REVOKED,CONSENT_REVOKED,CONSENT_REVOKED,CONSENT_REVOKED
6826551a25fe04247fcf4f31,5ed9c3054268815691ed0e2c,RETURNED,Not Applicable,2025-05-15T20:57:49.843000Z,,,2025-07-29T06:40:48.341690Z,,,2734,CONSENT_REVOKED,CONSENT_REVOKED,CONSENT_REVOKED,CONSENT_REVOKED,CONSENT_REVOKED,CONSENT_REVOKED,CONSENT_REVOKED,CONSENT_REVOKED,CONSENT_REVOKED,CONSENT_REVOKED,CONSENT_REVOKED
68265526a9120226cbf3eeef,67e1337bec18c2fb0e19ec35,RETURNED,Not Applicable,2025-05-15T20:57:10.066000Z,2025-05-15T21:18:47.345000Z,,2025-07-29T06:40:48.342513Z,,C163MEYK,1209,CONSENT_REVOKED,CONSENT_REVOKED,CONSENT_REVOKED,CONSENT_REVOKED,CONSENT_REVOKED,CONSENT_REVOKED,CONSENT_REVOKED,CONSENT_REVOKED,CONSENT_REVOKED,CONSENT_REVOKED,CONSENT_REVOKED
6826559affe616f7bae21a06,582c71a66ef28c00019a1068,APPROVED,Not Applicable,2025-05-15T21:01:05.996000Z,2025-05-15T21:23:30.072000Z,2025-05-22T17:34:10.340000Z,2025-05-15T21:23:30.636697Z,1345.0,C163MEYK,4949,English,"Facebook, Youtube, Twitter, Pinterest, Reddit, Snapchat, TikTok, Medium",36,Male,White,United States,United States,United States,English,DATA_EXPIRED,Full-Time
682655ae119c8c3fd868aa4e,6100372e3a116cb5cb36ebea,APPROVED,Not Applicable,2025-05-15T20:59:37.890000Z,2025-05-15T21:26:38.603000Z,2025-05-22T17:34:10.601000Z,2025-05-15T21:26:39.176192Z,1621.0,C163MEYK,1994,English,"Youtube, Facebook, Reddit, Twitter",80,Male,White,United States,United States,United States,English,No,DATA_EXPIRED
682655b5a63ec08b0149ae0d,66e982b2da4a8dde63eac56c,APPROVED,Not Applicable,2025-05-15T20:59:33.059000Z,2025-05-15T21:21:09.892000Z,2025-05-22T17:34:10.899000Z,2025-05-15T21:45:23.345258Z,1297.0,NOCODE,715,English,"Facebook, Youtube, Linkedin, Twitter, Instagram, Snapchat, TikTok, Reddit",25,Male,Black,United States,United States,United States,English,DATA_EXPIRED,DATA_EXPIRED
68265616b010483cbded3572,668adbfcb3549e7f656159c6,APPROVED,Not Applicable,2025-05-15T21:01:13.628000Z,2025-05-15T21:48:29.551000Z,2025-05-22T17:34:11.198000Z,2025-05-15T21:48:30.126234Z,2836.0,C163MEYK,1965,"Chinese, English","Facebook, Youtube, Twitter, Linkedin, Reddit, Snapchat, TikTok",26,Male,Asian,United States,United States,United States,English,No,Full-Time
6826561fa62bd264e45077f0,63fa78f21e485a372c6528fa,APPROVED,Not Applicable,2025-05-15T21:01:45.842000Z,2025-05-15T21:33:17.379000Z,2025-05-22T17:34:11.484000Z,2025-05-15T21:33:17.959472Z,1892.0,C163MEYK,3035,English,"Facebook, Youtube, Twitter, Instagram, Reddit",52,Male,White,United States,United States,United States,English,No,Part-Time
68265761e64d4eda398acfe9,6650ee988709a4266409c5f9,RETURNED,Not Applicable,2025-05-15T21:17:00.069000Z,,,2025-07-29T06:40:48.343882Z,,,782,CONSENT_REVOKED,CONSENT_REVOKED,CONSENT_REVOKED,CONSENT_REVOKED,CONSENT_REVOKED,CONSENT_REVOKED,CONSENT_REVOKED,CONSENT_REVOKED,CONSENT_REVOKED,CONSENT_REVOKED,CONSENT_REVOKED
682657a0dddbf47556eb0c50,67db7a7ba2c6c7f63636602c,APPROVED,Not Applicable,2025-05-15T21:07:44.359000Z,2025-05-15T21:35:50.901000Z,2025-05-22T17:34:11.755000Z,2025-05-15T21:35:51.488467Z,1687.0,C163MEYK,67,English,"Facebook, Twitter, Youtube, Reddit",47,Male,White,United States,United States,United States,English,Yes,Full-Time
6826598f1fb58fa1db2124a2,67d095bc257ecc840642912e,RETURNED,Not Applicable,2025-05-15T21:16:08.874000Z,,,2025-07-29T06:40:48.345299Z,,,1946,CONSENT_REVOKED,CONSENT_REVOKED,CONSENT_REVOKED,CONSENT_REVOKED,CONSENT_REVOKED,CONSENT_REVOKED,CONSENT_REVOKED,CONSENT_REVOKED,CONSENT_REVOKED,CONSENT_REVOKED,CONSENT_REVOKED
682659cc98e1978fa69293a3,6654272fe3b6fb9341e1e2ef,RETURNED,Not Applicable,2025-05-15T21:17:16.549000Z,,,2025-07-29T06:40:48.349254Z,,,705,CONSENT_REVOKED,CONSENT_REVOKED,CONSENT_REVOKED,CONSENT_REVOKED,CONSENT_REVOKED,CONSENT_REVOKED,CONSENT_REVOKED,CONSENT_REVOKED,CONSENT_REVOKED,CONSENT_REVOKED,CONSENT_REVOKED
682659dda9ecccdc586ceeaf,674df71dd20065d29a151f43,APPROVED,Not Applicable,2025-05-15T21:25:08.436000Z,2025-05-15T21:40:40.028000Z,2025-05-22T17:34:12.057000Z,2025-05-15T21:40:40.565436Z,932.0,C163MEYK,863,English,"Facebook, Youtube, Twitter, Instagram, Reddit, Snapchat",29,Male,White,United States,United States,United States,English,No,Other
68265a1fcb26f48f91256946,5a89cc2c000dab00018cbd38,APPROVED,Not Applicable,2025-05-15T21:18:36.405000Z,2025-05-15T21:41:18.874000Z,2025-05-22T17:34:12.343000Z,2025-05-15T21:41:19.419659Z,1363.0,C163MEYK,8804,English,"Youtube, Reddit",36,Male,White,United States,United States,United States,English,No,DATA_EXPIRED
68265aa0b620d87acb300453,67caa9e6401f66dec89023f8,RETURNED,Not Applicable,2025-05-15T21:20:32.312000Z,,,2025-07-29T06:40:48.348285Z,,,934,CONSENT_REVOKED,CONSENT_REVOKED,CONSENT_REVOKED,CONSENT_REVOKED,CONSENT_REVOKED,CONSENT_REVOKED,CONSENT_REVOKED,CONSENT_REVOKED,CONSENT_REVOKED,CONSENT_REVOKED,CONSENT_REVOKED
68265ada8f1113aa83cd1847,67e72d5696e1ec0ec2c25c63,RETURNED,Not Applicable,2025-05-15T21:21:44.143000Z,,,2025-07-29T06:40:48.349206Z,,,944,CONSENT_REVOKED,CONSENT_REVOKED,CONSENT_REVOKED,CONSENT_REVOKED,CONSENT_REVOKED,CONSENT_REVOKED,CONSENT_REVOKED,CONSENT_REVOKED,CONSENT_REVOKED,CONSENT_REVOKED,CONSENT_REVOKED
68265bde4bc34a70b5a4ee1b,5ecda06ecc240b00087e1c00,RETURNED,Not Applicable,2025-05-15T21:26:05.643000Z,,,2025-07-29T06:40:48.351018Z,,,980,CONSENT_REVOKED,CONSENT_REVOKED,CONSENT_REVOKED,CONSENT_REVOKED,CONSENT_REVOKED,CONSENT_REVOKED,CONSENT_REVOKED,CONSENT_REVOKED,CONSENT_REVOKED,CONSENT_REVOKED,CONSENT_REVOKED
68265c0ef033647410dafbf3,6753b6b7014705911770ecd0,RETURNED,Not Applicable,2025-05-15T21:36:38.416000Z,,,2025-07-29T06:40:48.363548Z,,,1120,CONSENT_REVOKED,CONSENT_REVOKED,CONSENT_REVOKED,CONSENT_REVOKED,CONSENT_REVOKED,CONSENT_REVOKED,CONSENT_REVOKED,CONSENT_REVOKED,CONSENT_REVOKED,CONSENT_REVOKED,CONSENT_REVOKED
68265c2e822b90a3e3cff358,6400e78d52d3311f5456d932,RETURNED,Not Applicable,2025-05-15T21:27:22.208000Z,,,2025-07-29T06:40:48.353689Z,,,3196,CONSENT_REVOKED,CONSENT_REVOKED,CONSENT_REVOKED,CONSENT_REVOKED,CONSENT_REVOKED,CONSENT_REVOKED,CONSENT_REVOKED,CONSENT_REVOKED,CONSENT_REVOKED,CONSENT_REVOKED,CONSENT_REVOKED
68265c85affb72d0c2104ef4,673276b17430c6ece3a6d874,RETURNED,Not Applicable,2025-05-15T21:38:37.046000Z,,,2025-07-29T06:40:48.363517Z,,,1992,CONSENT_REVOKED,CONSENT_REVOKED,CONSENT_REVOKED,CONSENT_REVOKED,CONSENT_REVOKED,CONSENT_REVOKED,CONSENT_REVOKED,CONSENT_REVOKED,CONSENT_REVOKED,CONSENT_REVOKED,CONSENT_REVOKED
68265c9119d93c9abe00456c,628deac8711dee5dbda650ae,RETURNED,Not Applicable,2025-05-15T21:28:55.995000Z,,,2025-07-29T06:40:48.360848Z,,,4868,CONSENT_REVOKED,CONSENT_REVOKED,CONSENT_REVOKED,CONSENT_REVOKED,CONSENT_REVOKED,CONSENT_REVOKED,CONSENT_REVOKED,CONSENT_REVOKED,CONSENT_REVOKED,CONSENT_REVOKED,CONSENT_REVOKED
68265c92ff249b56becb8c4f,6478e5fc76f5ecbc4f0ed353,APPROVED,Not Applicable,2025-05-15T21:28:50.570000Z,2025-05-15T21:53:38.555000Z,2025-05-22T17:34:12.597000Z,2025-05-15T21:53:39.101824Z,1488.0,C163MEYK,4247,English,"Facebook, Youtube, Twitter, Linkedin, Instagram, Reddit, Snapchat, TikTok",29,Male,White,United States,United States,United States,English,No,Full-Time
68265d95e27fad6219639c2f,62c35e9517e15b36b957a678,RETURNED,Not Applicable,2025-05-15T21:39:39.772000Z,,,2025-07-29T06:40:48.359075Z,,,5170,CONSENT_REVOKED,CONSENT_REVOKED,CONSENT_REVOKED,CONSENT_REVOKED,CONSENT_REVOKED,CONSENT_REVOKED,CONSENT_REVOKED,CONSENT_REVOKED,CONSENT_REVOKED,CONSENT_REVOKED,CONSENT_REVOKED
68266024f225e897085d0755,6331b9456956d880a1e4632f,APPROVED,Not Applicable,2025-05-15T21:44:22.032000Z,2025-05-15T22:09:10.305000Z,2025-05-22T17:34:12.944000Z,2025-05-15T22:09:10.865842Z,1489.0,C163MEYK,6977,English,"Youtube, Facebook, Pinterest, Twitter, Reddit, Linkedin, Instagram",41,Male,White,United States,United States,United States,English,DATA_EXPIRED,DATA_EXPIRED
6826624e102527e5748f33fc,657dd22938e31904b66ca3b4,RETURNED,Not Applicable,2025-05-15T21:53:18.315000Z,,,2025-07-29T06:40:48.367561Z,,,3011,CONSENT_REVOKED,CONSENT_REVOKED,CONSENT_REVOKED,CONSENT_REVOKED,CONSENT_REVOKED,CONSENT_REVOKED,CONSENT_REVOKED,CONSENT_REVOKED,CONSENT_REVOKED,CONSENT_REVOKED,CONSENT_REVOKED
68266329211111421cf5644c,5befb6e27c387400016983bf,RETURNED,Not Applicable,2025-05-15T21:57:12.929000Z,,,2025-07-29T06:40:48.361924Z,,,8263,CONSENT_REVOKED,CONSENT_REVOKED,CONSENT_REVOKED,CONSENT_REVOKED,CONSENT_REVOKED,CONSENT_REVOKED,CONSENT_REVOKED,CONSENT_REVOKED,CONSENT_REVOKED,CONSENT_REVOKED,CONSENT_REVOKED
68266343295f05739f011ace,672b3a3995b99c521d07d2fb,APPROVED,Not Applicable,2025-05-15T21:57:23.061000Z,2025-05-15T23:11:27.885000Z,2025-05-22T17:34:13.225000Z,2025-05-15T23:11:28.693307Z,4445.0,C163MEYK,444,English,"Facebook, Youtube, Twitter, Instagram, Snapchat, TikTok, Reddit",48,Male,DATA_EXPIRED,United States,United States,United States,English,DATA_EXPIRED,Full-Time
682663c1295f05739f011ada,67ab596936b58c119548d589,APPROVED,Not Applicable,2025-05-15T21:59:59.947000Z,2025-05-15T22:44:32.841000Z,2025-05-22T17:34:13.503000Z,2025-05-15T22:44:33.455679Z,2673.0,C163MEYK,1073,English,"Facebook, Youtube, Linkedin, Twitter, Pinterest, Google Plus, Instagram, Reddit, Snapchat, TikTok",38,Male,Black,United States,United States,United States,English,Yes,Full-Time
