Submission id,Participant id,Status,Custom study tncs accepted at,Started at,Completed at,Reviewed at,Archived at,Time taken,Completion code,Total approvals,Fluent languages,Age,Sex,Ethnicity simplified,Country of birth,Country of residence,Nationality,Language,Student status,Employment status
6885f907c2dcf3d2ad604071,67ef36b28f01335edcacf720,APPROVED,Not Applicable,2025-07-27T10:01:43.612000Z,2025-07-27T10:17:49.249000Z,2025-07-29T06:36:04.284000Z,2025-07-27T10:17:49.713951Z,966.0,CJYS1MGD,909,English,39,Female,White,United States,United States,United States,English,No,Full-Time
6885f940a37fecf1c791b363,67ae87b0d1835460d0a99abd,APPROVED,Not Applicable,2025-07-27T10:02:44.201000Z,2025-07-27T10:20:10.428000Z,2025-07-29T06:36:04.694000Z,2025-07-27T10:20:10.914304Z,1047.0,CJYS1MGD,670,English,41,Female,Asian,United States,United States,United States,English,No,Part-Time
6885f9469e774d2850dd374a,66c3366a3b5834b89124e85a,APPROVED,Not Applicable,2025-07-27T10:03:30.312000Z,2025-07-27T10:15:14.695000Z,2025-07-29T06:36:05.110000Z,2025-07-27T10:15:15.232789Z,705.0,CJYS1MGD,3166,English,48,Female,White,United States,United States,United States,English,No,Full-Time
6885f94e8cf712b40d44f0f4,663d8f0edfd87b4c1f590b99,APPROVED,Not Applicable,2025-07-27T10:02:54.800000Z,2025-07-27T10:12:05.026000Z,2025-07-29T06:35:40.333000Z,2025-07-27T10:12:05.477947Z,551.0,CJYS1MGD,3652,English,30,Male,Mixed,United States,United States,United States,English,DATA_EXPIRED,DATA_EXPIRED
6885f95167f6794974294a75,6120d602c1976a4114dcb110,APPROVED,Not Applicable,2025-07-27T10:04:08.858000Z,2025-07-27T10:31:54.433000Z,2025-07-29T06:36:05.533000Z,2025-07-27T10:31:54.912125Z,1666.0,CJYS1MGD,2283,English,34,Female,White,United States,United States,United States,English,No,Full-Time
6885f951910a674ad0a4342d,5b87dd09019cf60001a115b3,APPROVED,Not Applicable,2025-07-27T10:10:25.351000Z,2025-07-27T10:18:01.250000Z,2025-07-29T06:35:40.757000Z,2025-07-27T10:18:01.722157Z,456.0,CJYS1MGD,5032,English,30,Male,White,United States,United States,United States,English,Yes,Full-Time
6885f952a8f2632d5ad99725,66ccdd9f6b12c6ea6fa01f42,APPROVED,Not Applicable,2025-07-27T10:03:03.041000Z,2025-07-27T10:13:11.057000Z,2025-07-29T06:35:41.182000Z,2025-07-27T10:13:11.551758Z,609.0,CJYS1MGD,2762,English,33,Male,White,United States,United States,Germany,English,DATA_EXPIRED,Full-Time
6885f95603e4fc02f2e2eaad,6334b0fc574064de4e68f578,APPROVED,Not Applicable,2025-07-27T10:03:07.125000Z,2025-07-27T10:10:13.701000Z,2025-07-29T06:36:05.938000Z,2025-07-27T10:10:14.148624Z,427.0,CJYS1MGD,5781,"English, Spanish",64,Female,White,United States,United States,United States,English,No,Full-Time
6885f958d6808e37a6f17a59,680cf3759bbfca13d68e130a,APPROVED,Not Applicable,2025-07-27T10:03:08.475000Z,2025-07-27T10:08:25.749000Z,2025-07-29T06:35:41.634000Z,2025-07-27T10:08:26.251702Z,318.0,CJYS1MGD,1330,English,57,Male,White,United States,United States,United States,English,No,Full-Time
6885f95e2bbce72edd5cbdb1,630a8feaa8eef385f72dc1a5,APPROVED,Not Applicable,2025-07-27T10:06:02.835000Z,2025-07-27T10:12:49.152000Z,2025-07-29T06:35:42.024000Z,2025-07-27T10:12:49.840084Z,407.0,CJYS1MGD,7952,"English, Urdu",37,Male,Asian,Pakistan,United States,United States,English,No,DATA_EXPIRED
6885f96f2cfd815a02c66824,5ac43d51a3ba7a0001b498d0,APPROVED,Not Applicable,2025-07-27T10:03:34.909000Z,2025-07-27T10:13:38.293000Z,2025-07-29T06:35:42.484000Z,2025-07-27T10:13:38.760717Z,604.0,CJYS1MGD,5779,English,41,Male,White,United States,United States,United States,English,No,DATA_EXPIRED
6885f982e8960117def0cf25,631c8e97db06f601f81bd82f,APPROVED,Not Applicable,2025-07-27T10:04:32.990000Z,2025-07-27T10:16:40.784000Z,2025-07-29T06:35:42.862000Z,2025-07-27T10:16:41.291740Z,728.0,CJYS1MGD,11078,"English, Arabic",28,Male,White,United States,United States,United States,English,No,Full-Time
6885f99112454de9c0cd9bf9,674780197d2f877d208e64bf,APPROVED,Not Applicable,2025-07-27T10:04:01.060000Z,2025-07-27T10:14:24.989000Z,2025-07-29T06:36:06.381000Z,2025-07-27T10:14:25.497956Z,624.0,CJYS1MGD,2426,English,46,Female,Mixed,United States,United States,United States,English,Yes,Part-Time
6885f99e7b59dac0ba75b835,67dbbdb452081ea930c8ab17,APPROVED,Not Applicable,2025-07-27T10:04:14.752000Z,2025-07-27T10:16:49.764000Z,2025-07-29T06:35:43.271000Z,2025-07-27T10:16:50.230918Z,756.0,CJYS1MGD,1528,English,23,Male,Black,United States,United States,United States,English,No,Full-Time
6885f9acc914a0bc11c082a0,60fd38ded9e5eea835eba383,APPROVED,Not Applicable,2025-07-27T10:04:32.894000Z,2025-07-27T10:10:53.210000Z,2025-07-29T06:36:06.843000Z,2025-07-27T10:10:53.677131Z,381.0,CJYS1MGD,1072,English,62,Female,White,United States,United States,United States,English,DATA_EXPIRED,DATA_EXPIRED
6885f9b82b443ae9ed9b31b3,60fe13342d406f2ab38383a8,APPROVED,Not Applicable,2025-07-27T10:04:45.356000Z,2025-07-27T10:19:58.448000Z,2025-07-29T06:36:07.307000Z,2025-07-27T10:19:58.925036Z,914.0,CJYS1MGD,330,English,58,Female,White,United States,United States,United States,English,No,DATA_EXPIRED
6885f9b9e5891a4d220af965,67dbeabb9f3bd066c8a56685,APPROVED,Not Applicable,2025-07-27T10:04:41.361000Z,2025-07-27T10:12:39.334000Z,2025-07-29T06:36:07.739000Z,2025-07-27T10:12:39.811058Z,478.0,CJYS1MGD,726,English,52,Female,White,United States,United States,United States,English,No,Part-Time
6885f9c14f5f92d80823b215,67f020ded233a50f479c4c87,APPROVED,Not Applicable,2025-07-27T10:13:57.757000Z,2025-07-27T10:37:35.859000Z,2025-07-29T06:35:43.656000Z,2025-07-27T10:37:36.317989Z,1419.0,CJYS1MGD,1897,English,42,Male,White,United States,United States,United States,English,No,Part-Time
6885f9c2b3acc74bc8f3748d,5e6d8c46f93a0c35d1f82335,RETURNED,Not Applicable,,,,2025-07-29T06:33:38.487530Z,,,4702,CONSENT_REVOKED,CONSENT_REVOKED,CONSENT_REVOKED,CONSENT_REVOKED,CONSENT_REVOKED,CONSENT_REVOKED,CONSENT_REVOKED,CONSENT_REVOKED,CONSENT_REVOKED,CONSENT_REVOKED
6885f9c749e14c05921e1e2b,67a60aab3179b5e743db2a2b,APPROVED,Not Applicable,2025-07-27T10:05:39.838000Z,2025-07-27T10:15:02.090000Z,2025-07-29T06:35:44.050000Z,2025-07-27T10:15:02.556374Z,563.0,CJYS1MGD,1618,English,67,Male,White,United States,United States,United States,English,No,Unemployed (and job seeking)
6885f9cc71fdebbf9d705114,5e914ee346d11b48197172c2,RETURNED,Not Applicable,,,,2025-07-29T06:33:38.488576Z,,,2912,CONSENT_REVOKED,CONSENT_REVOKED,CONSENT_REVOKED,CONSENT_REVOKED,CONSENT_REVOKED,CONSENT_REVOKED,CONSENT_REVOKED,CONSENT_REVOKED,CONSENT_REVOKED,CONSENT_REVOKED
6885f9cc7adc8844b4dc742d,5c309bb410677f0001dda0ed,APPROVED,Not Applicable,2025-07-27T10:05:00.257000Z,2025-07-27T10:22:18.320000Z,2025-07-29T06:35:44.429000Z,2025-07-27T10:22:18.784770Z,1039.0,CJYS1MGD,4081,English,44,Male,White,United States,United States,United States,English,No,Full-Time
6885f9dcce290f0206cb1fd6,67727321dbba1f283636b298,APPROVED,Not Applicable,2025-07-27T10:06:15.016000Z,2025-07-27T10:20:18.856000Z,2025-07-29T06:36:08.143000Z,2025-07-27T10:20:19.333114Z,844.0,CJYS1MGD,1649,English,53,Female,White,United States,United States,United States,English,No,Other
6885f9ef116806dfd3948340,5d55d43e25dd4c00174122dc,APPROVED,Not Applicable,2025-07-27T10:05:35.149000Z,2025-07-27T10:10:28.352000Z,2025-07-29T06:35:44.995000Z,2025-07-27T10:10:28.812712Z,294.0,CJYS1MGD,2673,English,49,Male,White,United States,United States,United States,English,No,Full-Time
6885f9fadc38c7aba98b83b2,5db0a97f127d4000117cdfa0,APPROVED,Not Applicable,2025-07-27T10:05:51.724000Z,2025-07-27T10:14:32.181000Z,2025-07-29T06:36:08.565000Z,2025-07-27T10:14:32.653779Z,521.0,CJYS1MGD,6231,English,49,Female,White,United States,United States,United States,English,No,Full-Time
6885fa0a12efad608dbd23cc,6670695ddda879e28629fbe0,APPROVED,Not Applicable,2025-07-27T10:06:08.784000Z,2025-07-27T10:15:07.179000Z,2025-07-29T06:36:08.998000Z,2025-07-27T10:15:07.670587Z,539.0,CJYS1MGD,636,"English, Vietnamese",31,Female,Asian,Vietnam,United States,United States,Vietnamese,DATA_EXPIRED,DATA_EXPIRED
6885fa0b8703bf3ef2256b5e,680e77f1b497bfe3d4df3514,APPROVED,Not Applicable,2025-07-27T10:06:21.162000Z,2025-07-27T10:10:41.854000Z,2025-07-29T06:36:09.604000Z,2025-07-27T10:10:42.356866Z,261.0,CJYS1MGD,1293,English,59,Female,Black,United States,United States,United States,English,No,Full-Time
6885fa13ecbfd85158259916,651c2cc23704dc10500ae77c,APPROVED,Not Applicable,2025-07-27T10:06:24.266000Z,2025-07-27T10:19:32.255000Z,2025-07-29T06:36:10.100000Z,2025-07-27T10:19:32.712184Z,788.0,CJYS1MGD,3170,English,71,Female,White,United States,United States,United States,English,DATA_EXPIRED,DATA_EXPIRED
6885fa245bf962bfebf2eb16,67ca44c542a5ebd3baf7d5e1,APPROVED,Not Applicable,2025-07-27T10:08:28.285000Z,2025-07-27T10:34:10.306000Z,2025-07-29T06:36:10.565000Z,2025-07-27T10:34:10.763718Z,1543.0,CJYS1MGD,1345,English,28,Female,Mixed,United States,United States,United States,English,DATA_EXPIRED,DATA_EXPIRED
6885fa3e243c184978c6c914,6701c01f6fb3d34d3bed389e,APPROVED,Not Applicable,2025-07-27T10:08:35.716000Z,2025-07-27T10:35:46.340000Z,2025-07-29T06:36:11.026000Z,2025-07-27T10:35:46.933520Z,1631.0,CJYS1MGD,1252,English,31,Female,White,United States,United States,United States,English,DATA_EXPIRED,DATA_EXPIRED
6885fa556fd09e5f93735ac6,607dc630d2d30aa7e8699c23,APPROVED,Not Applicable,2025-07-27T10:11:25.743000Z,2025-07-27T10:19:31.661000Z,2025-07-29T06:35:45.401000Z,2025-07-27T10:19:32.113061Z,486.0,CJYS1MGD,5338,"English, Polish",34,Male,White,Poland,United States,United States,Polish,No,Full-Time
6885fa6121038dca4d69770b,675aaec58dfc729c338a52eb,RETURNED,Not Applicable,2025-07-27T10:07:33.716000Z,,,2025-07-29T06:33:38.491127Z,,,1375,CONSENT_REVOKED,CONSENT_REVOKED,CONSENT_REVOKED,CONSENT_REVOKED,CONSENT_REVOKED,CONSENT_REVOKED,CONSENT_REVOKED,CONSENT_REVOKED,CONSENT_REVOKED,CONSENT_REVOKED
6885fabb1417f6b40616859e,6718cc3b749c4925a6ac7b03,APPROVED,Not Applicable,2025-07-27T10:11:22.098000Z,2025-07-27T10:19:28.377000Z,2025-07-29T06:36:11.634000Z,2025-07-27T10:19:28.850921Z,487.0,CJYS1MGD,822,English,44,Female,White,United States,United States,United States,English,No,Part-Time
6885fb06a7ea4a0a8a6cd2e3,56c8915edfea6c000cb29c98,APPROVED,Not Applicable,2025-07-27T10:10:21.831000Z,2025-07-27T10:22:14.195000Z,2025-07-29T06:36:12.049000Z,2025-07-27T10:22:14.663883Z,713.0,CJYS1MGD,7484,English,44,Female,Asian,United States,United States,United States,English,DATA_EXPIRED,DATA_EXPIRED
6885fb1e2b443ae9ed9b31d3,5daf506a5bd1b30013605e31,APPROVED,Not Applicable,2025-07-27T10:13:00.515000Z,2025-07-27T10:17:25.135000Z,2025-07-29T06:36:12.480000Z,2025-07-27T10:17:25.608377Z,265.0,CJYS1MGD,7831,English,52,Female,White,United States,United States,United States,English,DATA_EXPIRED,DATA_EXPIRED
6885fb2812efad608dbd2402,67da6cb5faae2bb29a934c76,APPROVED,Not Applicable,2025-07-27T10:10:59.861000Z,2025-07-27T10:23:47.156000Z,2025-07-29T06:36:14.286000Z,2025-07-27T10:23:47.688520Z,768.0,CJYS1MGD,1183,English,61,Female,White,United States,United States,United States,English,No,Part-Time
6885fb31910f6529bd3443fb,601848135aa9ba08c66cff6a,APPROVED,Not Applicable,2025-07-27T10:11:03.315000Z,2025-07-27T10:15:22.199000Z,2025-07-29T06:35:46.576000Z,2025-07-27T10:15:22.726537Z,259.0,CJYS1MGD,1642,English,46,Male,Black,United States,United States,United States,English,DATA_EXPIRED,DATA_EXPIRED
6885fb8041dbdfa8bf4c89f1,5e8aa4d80eac7e756a72f478,APPROVED,Not Applicable,2025-07-27T10:12:19.089000Z,2025-07-27T10:17:54.327000Z,2025-07-29T06:35:46.977000Z,2025-07-27T10:17:54.825965Z,336.0,CJYS1MGD,2532,"Spanish, English",32,Male,White,United States,United States,United States,Spanish,DATA_EXPIRED,DATA_EXPIRED
6885fb8b85d45e2102efaaae,583ec287ad2f4300014b355a,APPROVED,Not Applicable,2025-07-27T10:12:31.146000Z,2025-07-27T10:19:49.744000Z,2025-07-29T06:35:47.362000Z,2025-07-27T10:19:50.221271Z,439.0,CJYS1MGD,9128,English,69,Male,White,United States,United States,United States,English,No,Full-Time
6885fb9da27e037f71720a67,5c395df5f5ebd50001850900,APPROVED,Not Applicable,2025-07-27T10:12:49.926000Z,2025-07-27T10:20:04.151000Z,2025-07-29T06:35:47.768000Z,2025-07-27T10:20:04.643723Z,435.0,CJYS1MGD,11805,"Chinese, English",30,Male,Asian,United States,United States,United States,Chinese,Yes,Full-Time
6885fbb02ea1e62305408b95,6286c49fc49ab4b3b78d06a2,APPROVED,Not Applicable,2025-07-27T10:13:08.563000Z,2025-07-27T10:19:00.155000Z,2025-07-29T06:35:48.180000Z,2025-07-27T10:19:00.667220Z,352.0,CJYS1MGD,1451,English,50,Male,White,United States,United States,United States,English,No,DATA_EXPIRED
6885fbbd841485125559ce0c,66240955715b3b45903381ed,APPROVED,Not Applicable,2025-07-27T10:13:23.250000Z,2025-07-27T10:25:30.603000Z,2025-07-29T06:35:48.592000Z,2025-07-27T10:25:31.088216Z,728.0,CJYS1MGD,2247,English,38,Male,White,United States,United States,United States,English,No,Unemployed (and job seeking)
6885fbd66e69af2c7f0b4b89,5c747b0f181ad300113363ed,APPROVED,Not Applicable,2025-07-27T10:13:47.872000Z,2025-07-27T10:22:07.679000Z,2025-07-29T06:35:48.981000Z,2025-07-27T10:22:08.129516Z,500.0,CJYS1MGD,7356,English,28,Male,White,United States,United States,United States,English,DATA_EXPIRED,DATA_EXPIRED
6885fc231a4fc1481436cc43,5e7a2ccd69a7770604dfb352,APPROVED,Not Applicable,2025-07-27T10:15:46.002000Z,2025-07-27T10:25:33.491000Z,2025-07-29T06:36:15.041000Z,2025-07-27T10:25:33.984454Z,588.0,CJYS1MGD,9525,English,52,Female,White,United States,United States,United States,English,No,Part-Time
6885fc2c77c57cdffabd5596,6272b9dfc470a51d5fa0e6ea,APPROVED,Not Applicable,2025-07-27T10:15:37.386000Z,2025-07-27T10:24:44.413000Z,2025-07-29T06:35:49.372000Z,2025-07-27T10:24:44.891815Z,548.0,CJYS1MGD,6560,English,43,Male,Asian,Korea,United States,United States,English,DATA_EXPIRED,Full-Time
6885fc2da92b27693db4df6b,682b76cd7d1dde59f69b3b71,APPROVED,Not Applicable,2025-07-27T10:15:09.926000Z,2025-07-27T10:22:40.468000Z,2025-07-29T06:35:49.785000Z,2025-07-27T10:22:42.375865Z,451.0,CJYS1MGD,1337,English,45,Male,White,United States,United States,United States,English,No,Part-Time
6885fc2ef8db5bfd8d949046,63a9a8f2f098b7e45bd03721,APPROVED,Not Applicable,2025-07-27T10:15:15.455000Z,2025-07-27T10:31:51.067000Z,2025-07-29T06:35:50.213000Z,2025-07-27T10:31:51.547925Z,996.0,CJYS1MGD,6445,English,71,Male,White,United States,United States,United States,English,DATA_EXPIRED,DATA_EXPIRED
6885fc3d0bb322662f503473,5ed2bb7a67d51b24b2ac4037,APPROVED,Not Applicable,2025-07-27T10:15:32.394000Z,2025-07-27T10:22:00.767000Z,2025-07-29T06:35:50.655000Z,2025-07-27T10:22:01.254151Z,389.0,CJYS1MGD,7224,English,36,Male,White,United States,United States,United States,English,DATA_EXPIRED,DATA_EXPIRED
6885fc510f8ff6120abfc14d,67eaa46b7bb6cbefdcbde74c,APPROVED,Not Applicable,2025-07-27T10:15:58.948000Z,2025-07-27T10:28:00.357000Z,2025-07-29T06:36:15.686000Z,2025-07-27T10:28:00.828409Z,722.0,CJYS1MGD,1757,English,51,Female,White,United States,United States,United States,English,No,Full-Time
6885fcac3c0f6fbba312b5d4,56e60e39f7957b000b18e37b,APPROVED,Not Applicable,2025-07-27T10:22:56.386000Z,2025-07-27T10:26:00.559000Z,2025-07-29T06:35:51.052000Z,2025-07-27T10:26:01.050054Z,185.0,CJYS1MGD,4779,English,36,Male,DATA_EXPIRED,United States,United States,United States,English,DATA_EXPIRED,DATA_EXPIRED
6885fcae1dd1a202cdcd86de,6825af939111d286546fdde6,APPROVED,Not Applicable,2025-07-27T10:17:18.790000Z,2025-07-27T10:25:12.974000Z,2025-07-29T06:36:16.346000Z,2025-07-27T10:25:13.463830Z,475.0,CJYS1MGD,1551,English,42,Female,White,United States,United States,United States,English,No,Part-Time
6885fcb532cf25610398033e,67f1626e4525cfea0f0a9753,RETURNED,Not Applicable,2025-07-27T10:18:34.268000Z,,,2025-07-29T06:33:38.492271Z,,,1315,CONSENT_REVOKED,CONSENT_REVOKED,CONSENT_REVOKED,CONSENT_REVOKED,CONSENT_REVOKED,CONSENT_REVOKED,CONSENT_REVOKED,CONSENT_REVOKED,CONSENT_REVOKED,CONSENT_REVOKED
6885fcd541b4e8d36f650d37,5d90298097a2130015f3fa3c,APPROVED,Not Applicable,2025-07-27T10:26:54.438000Z,2025-07-27T10:58:19.396000Z,2025-07-29T06:35:51.441000Z,2025-07-27T10:58:19.888481Z,1885.0,CJYS1MGD,2071,English,34,Male,White,United States,United States,United States,English,DATA_EXPIRED,DATA_EXPIRED
6885fcdcad7e1f3d8a530a07,64136bf30b27746cb96f7db8,RETURNED,Not Applicable,2025-07-27T10:18:04.441000Z,,,2025-07-29T06:33:38.494081Z,,,4571,CONSENT_REVOKED,CONSENT_REVOKED,CONSENT_REVOKED,CONSENT_REVOKED,CONSENT_REVOKED,CONSENT_REVOKED,CONSENT_REVOKED,CONSENT_REVOKED,CONSENT_REVOKED,CONSENT_REVOKED
6885fce8b79bf206da06ad02,6726f38cd14d8ba8644f2bcf,APPROVED,Not Applicable,2025-07-27T10:18:22.604000Z,2025-07-27T10:37:41.619000Z,2025-07-29T06:36:17.043000Z,2025-07-27T10:37:42.077279Z,1160.0,CJYS1MGD,1450,English,47,Female,White,United States,United States,United States,English,No,Full-Time
6885fceaf816745abc89b0c6,5f518c4fb3a4953e4f9f7e18,APPROVED,Not Applicable,2025-07-27T10:19:30.439000Z,2025-07-27T10:34:05.749000Z,2025-07-29T06:36:17.690000Z,2025-07-27T10:34:06.263405Z,876.0,CJYS1MGD,18,English,29,Female,Black,United States,United States,United States,English,No,Part-Time
6885fd22b2d12fb5bdd275de,64135b2efa1c09f8a0b91bd4,APPROVED,Not Applicable,2025-07-27T10:19:30.301000Z,2025-07-27T10:28:11.584000Z,2025-07-29T06:36:18.327000Z,2025-07-27T10:28:12.059985Z,522.0,CJYS1MGD,3480,English,37,Female,White,United States,United States,United States,English,No,Full-Time
6885fd3816015a55357e04b1,663cc8df4e65d79a540bed2e,APPROVED,Not Applicable,2025-07-27T10:19:36.808000Z,2025-07-27T10:43:49.483000Z,2025-07-29T06:36:18.748000Z,2025-07-27T10:43:49.944049Z,1453.0,CJYS1MGD,305,English,32,Female,White,United States,United States,United States,English,No,Full-Time
6885fd3ad040f2ffdb4ab499,65c0ed76e2e195876cfd9b74,APPROVED,Not Applicable,2025-07-27T10:19:41.578000Z,2025-07-27T10:24:48.915000Z,2025-07-29T06:35:51.832000Z,2025-07-27T10:24:49.374168Z,308.0,CJYS1MGD,4779,English,56,Male,White,United States,United States,United States,English,No,Full-Time
6885fd43d8f35e33cd406d50,63db28baa4a5f06f19e7efc8,APPROVED,Not Applicable,2025-07-27T10:19:51.385000Z,2025-07-27T10:30:19.500000Z,2025-07-29T06:35:52.240000Z,2025-07-27T10:30:20.000342Z,629.0,CJYS1MGD,707,"English, Japanese, Spanish",35,Male,White,Puerto Rico,United States,United States,English,No,Full-Time
6885fd54507ddc5a6e286c0f,62926f5a375553f13d68bc92,APPROVED,Not Applicable,2025-07-27T10:20:08.178000Z,2025-07-27T10:30:24.070000Z,2025-07-29T06:35:52.650000Z,2025-07-27T10:30:24.535011Z,616.0,CJYS1MGD,11234,English,61,Male,White,United States,United States,United States,English,DATA_EXPIRED,DATA_EXPIRED
6885fd566d4a618b4eecfc6e,60ccbffae161aadb1880ad6c,APPROVED,Not Applicable,2025-07-27T10:20:09.802000Z,2025-07-27T10:30:02.632000Z,2025-07-29T06:36:19.152000Z,2025-07-27T10:30:03.087256Z,593.0,CJYS1MGD,9613,English,36,Female,White,United States,United States,United States,English,No,Full-Time
6885fd58e6df97e5b7f65aa8,66a53f0e7f48598d440de084,APPROVED,Not Applicable,2025-07-27T10:25:50.054000Z,2025-07-27T10:28:49.888000Z,2025-07-29T06:36:19.531000Z,2025-07-27T10:28:50.359619Z,180.0,CJYS1MGD,1063,English,48,Female,Black,United States,United States,United States,English,No,Full-Time
6885fd5c3101009b550b6be5,67f1f1da7bcf771d82870233,APPROVED,Not Applicable,2025-07-27T10:20:21.529000Z,2025-07-27T10:27:29.911000Z,2025-07-29T06:35:53.037000Z,2025-07-27T10:27:30.362945Z,429.0,CJYS1MGD,1126,English,42,Male,Black,United States,United States,United States,English,No,Full-Time
6885fd67c104aa0969d63647,67f1cc26973bd7f41512c209,APPROVED,Not Applicable,2025-07-27T10:20:45.524000Z,2025-07-27T10:34:37.821000Z,2025-07-29T06:36:19.930000Z,2025-07-27T10:34:38.252871Z,833.0,CJYS1MGD,2334,English,23,Female,Other,United States,United States,United States,English,No,Full-Time
6885fdd6233184751e71ed97,560ce65601c38a0012769e20,RETURNED,Not Applicable,2025-07-27T10:22:40.441000Z,,,2025-07-29T06:33:38.496256Z,,,2077,CONSENT_REVOKED,CONSENT_REVOKED,CONSENT_REVOKED,CONSENT_REVOKED,CONSENT_REVOKED,CONSENT_REVOKED,CONSENT_REVOKED,CONSENT_REVOKED,CONSENT_REVOKED,CONSENT_REVOKED
6885fdda8d56783feb2d55a0,67ebfd4d8ea1101322300f73,APPROVED,Not Applicable,2025-07-27T10:23:31.107000Z,2025-07-27T10:29:57.444000Z,2025-07-29T06:35:53.425000Z,2025-07-27T10:29:57.927933Z,387.0,CJYS1MGD,1127,"English, Chinese, French",50,Male,White,United States,United States,United States,English,No,Other
6885fddede4f104c720c36cb,5ff07b5ee7a1d23e719e421e,APPROVED,Not Applicable,2025-07-27T10:22:34.425000Z,2025-07-27T10:33:40.853000Z,2025-07-29T06:36:20.340000Z,2025-07-27T10:33:41.330910Z,667.0,CJYS1MGD,7625,English,70,Female,White,United States,United States,United States,English,No,"Not in paid work (e.g. homemaker', 'retired or disabled)"
6885fdf045af5e4a99b676cf,59d7c0f750f88f000161eb21,APPROVED,Not Applicable,2025-07-27T10:23:11.355000Z,2025-07-27T10:29:18.224000Z,2025-07-29T06:36:20.785000Z,2025-07-27T10:29:18.691913Z,367.0,CJYS1MGD,1122,English,53,Female,White,United States,United States,United States,English,No,Full-Time
6885fe02621d71536e65fdf4,67ed75fa0c2423e85f8b3c8b,APPROVED,Not Applicable,2025-07-27T10:23:08.072000Z,2025-07-27T10:31:06.091000Z,2025-07-29T06:36:21.270000Z,2025-07-27T10:31:06.567484Z,479.0,CJYS1MGD,734,English,46,Female,White,United States,United States,United States,English,No,Full-Time
6885fe39efeac10099c4a507,67ecfa7df0970893cb81a3c3,APPROVED,Not Applicable,2025-07-27T10:23:53.678000Z,2025-07-27T10:27:52.233000Z,2025-07-29T06:35:53.838000Z,2025-07-27T10:27:52.749999Z,239.0,CJYS1MGD,254,English,40,Male,White,United States,United States,United States,English,No,Other
6885fe4062e41fef68014132,67df2438f087a74ea30f779b,RETURNED,Not Applicable,2025-07-27T10:24:00.060000Z,,,2025-07-29T06:33:38.499075Z,,,1904,CONSENT_REVOKED,CONSENT_REVOKED,CONSENT_REVOKED,CONSENT_REVOKED,CONSENT_REVOKED,CONSENT_REVOKED,CONSENT_REVOKED,CONSENT_REVOKED,CONSENT_REVOKED,CONSENT_REVOKED
6885fe6dbd00453ecaf1fad1,67b746fca75ce7e982a23c67,APPROVED,Not Applicable,2025-07-27T10:24:45.412000Z,2025-07-27T10:36:38.650000Z,2025-07-29T06:36:21.717000Z,2025-07-27T10:36:39.113447Z,714.0,CJYS1MGD,764,"English, French",56,Female,White,United States,United States,United States,English,No,Part-Time
6885fe7b464014332814452c,67dad66fd659797310deb87f,APPROVED,Not Applicable,2025-07-27T10:25:11.763000Z,2025-07-27T10:37:53.911000Z,2025-07-29T06:36:22.178000Z,2025-07-27T10:37:54.405990Z,763.0,CJYS1MGD,423,"English, French",20,Female,White,United States,United States,United States,English,No,Full-Time
6885fe89989e3887dae807ee,63c3164c08ff110d63b44dc6,RETURNED,Not Applicable,2025-07-27T10:26:03.639000Z,,,2025-07-29T06:33:38.499283Z,,,1106,CONSENT_REVOKED,CONSENT_REVOKED,CONSENT_REVOKED,CONSENT_REVOKED,CONSENT_REVOKED,CONSENT_REVOKED,CONSENT_REVOKED,CONSENT_REVOKED,CONSENT_REVOKED,CONSENT_REVOKED
6885fe9c52d56c909f72181f,605bc8caf9e0b0f799baf6da,APPROVED,Not Applicable,2025-07-27T10:26:22.450000Z,2025-07-27T10:40:43.900000Z,2025-07-29T06:35:54.222000Z,2025-07-27T10:40:44.380644Z,862.0,CJYS1MGD,11224,English,38,Male,White,United States,United States,United States,English,No,Full-Time
6885fea745af5e4a99b676ed,5d8a1d20d1afcb0019d7390b,APPROVED,Not Applicable,2025-07-27T10:25:43.663000Z,2025-07-27T10:34:22.065000Z,2025-07-29T06:35:54.609000Z,2025-07-27T10:34:22.552630Z,519.0,CJYS1MGD,10420,English,74,Male,White,United States,United States,United States,English,DATA_EXPIRED,"Not in paid work (e.g. homemaker', 'retired or disabled)"
6885febbcd130590f7fd410e,6755fa65a9ab28bdc4c088dd,APPROVED,Not Applicable,2025-07-27T10:26:22.782000Z,2025-07-27T10:40:36.690000Z,2025-07-29T06:35:54.996000Z,2025-07-27T10:40:37.160371Z,854.0,CJYS1MGD,794,English,34,Male,White,United States,United States,United States,English,DATA_EXPIRED,DATA_EXPIRED
6885fef55e1755a626ea2cc2,5a5daf4f8e6259000176209b,APPROVED,Not Applicable,2025-07-27T10:27:10.086000Z,2025-07-27T10:38:00.472000Z,2025-07-29T06:36:22.616000Z,2025-07-27T10:38:00.963997Z,651.0,CJYS1MGD,366,English,41,Female,White,United States,United States,United States,English,No,Unemployed (and job seeking)
6885ff021766d5529475716c,67d18c20050ecfd766de3af3,APPROVED,Not Applicable,2025-07-27T10:32:23.817000Z,2025-07-27T10:53:22.754000Z,2025-07-29T06:36:23.056000Z,2025-07-27T10:53:23.249949Z,1259.0,CJYS1MGD,1458,English,58,Female,White,United States,United States,United States,English,DATA_EXPIRED,Part-Time
6885ff13e6fd7eff00d26e48,67f1c8dc042e5b62c7c65764,APPROVED,Not Applicable,2025-07-27T10:27:47.159000Z,2025-07-27T10:34:50.119000Z,2025-07-29T06:36:23.440000Z,2025-07-27T10:34:50.592335Z,423.0,CJYS1MGD,1588,English,35,Female,Black,United States,United States,United States,English,No,Full-Time
6885ff29a05ba590c765e35e,6709a18c842035499e0f1353,APPROVED,Not Applicable,2025-07-27T10:27:58.729000Z,2025-07-27T10:34:28.367000Z,2025-07-29T06:36:23.890000Z,2025-07-27T10:34:28.826031Z,390.0,CJYS1MGD,513,English,42,Female,White,United States,United States,United States,English,Yes,Full-Time
6885ff5df21283bb6dae0b4c,677d97bc1500107b9c36d8b9,APPROVED,Not Applicable,2025-07-27T10:29:38.363000Z,2025-07-27T10:52:32.677000Z,2025-07-29T06:35:55.407000Z,2025-07-27T10:52:33.206261Z,1375.0,CJYS1MGD,702,English,37,Male,White,United States,United States,United States,English,DATA_EXPIRED,DATA_EXPIRED
6885ff760cb1b65d39c44c88,64d5219df0415c9a7c609c19,APPROVED,Not Applicable,2025-07-27T10:29:10.930000Z,2025-07-27T10:38:12.423000Z,2025-07-29T06:35:55.814000Z,2025-07-27T10:38:12.879599Z,542.0,CJYS1MGD,7385,English,50,Male,White,United States,United States,United States,English,No,Full-Time
6885ff7a4839decb9fd7251c,66bf66ddeb466531b167c449,APPROVED,Not Applicable,2025-07-27T10:29:24.241000Z,2025-07-27T10:37:11.365000Z,2025-07-29T06:36:24.323000Z,2025-07-27T10:37:11.863654Z,468.0,CJYS1MGD,612,English,42,Female,White,United States,United States,United States,English,No,DATA_EXPIRED
6885ff9977c57cdffabd5609,66460fc29c7a8d2bff98fb67,APPROVED,Not Applicable,2025-07-27T10:29:54.479000Z,2025-07-27T10:43:17.860000Z,2025-07-29T06:36:24.864000Z,2025-07-27T10:43:18.308214Z,804.0,CJYS1MGD,992,English,50,Female,White,United States,United States,United States,English,DATA_EXPIRED,DATA_EXPIRED
6885ffb8da168536e3843306,66491cdd1a4db900e216feb1,APPROVED,Not Applicable,2025-07-27T10:30:21.250000Z,2025-07-27T10:37:54.561000Z,2025-07-29T06:35:56.247000Z,2025-07-27T10:37:55.043808Z,454.0,CJYS1MGD,2335,English,37,Male,White,United States,United States,United States,English,DATA_EXPIRED,DATA_EXPIRED
6885ffc0f8a72775d804ed70,666149cb6a138209b157427b,APPROVED,Not Applicable,2025-07-27T10:30:32.757000Z,2025-07-27T10:45:05.594000Z,2025-07-29T06:35:56.647000Z,2025-07-27T10:45:06.086720Z,873.0,CJYS1MGD,1497,"English, Spanish",28,Male,White,United States,United States,United States,English,DATA_EXPIRED,DATA_EXPIRED
6885ffc3a241d0d8a864130a,677d6546138c74881d9f6efc,APPROVED,Not Applicable,2025-07-27T10:32:31.173000Z,2025-07-27T10:49:15.541000Z,2025-07-29T06:36:25.361000Z,2025-07-27T10:49:16.043152Z,1005.0,CJYS1MGD,679,English,56,Female,White,United States,United States,United States,English,No,Other
6885ffce0405e0c6a6991664,5c0dbb9b9166290001253342,APPROVED,Not Applicable,2025-07-27T10:30:43.460000Z,2025-07-27T10:45:33.926000Z,2025-07-29T06:35:57.057000Z,2025-07-27T10:45:34.403438Z,891.0,CJYS1MGD,10285,English,49,Male,White,United States,United States,United States,English,No,Full-Time
6885ffec41573d2ae002b980,67f09ad02524e8b1d810e0a4,APPROVED,Not Applicable,2025-07-27T10:31:23.296000Z,2025-07-27T10:49:46.333000Z,2025-07-29T06:35:57.461000Z,2025-07-27T10:49:46.842951Z,1104.0,CJYS1MGD,1201,English,20,Male,DATA_EXPIRED,United States,United States,United States,English,DATA_EXPIRED,Full-Time
68860018442c030e58283ce9,66fc5dc2ea1f07a1c9676134,APPROVED,Not Applicable,2025-07-27T10:32:05.775000Z,2025-07-27T10:36:17.776000Z,2025-07-29T06:36:25.904000Z,2025-07-27T10:36:18.277050Z,253.0,CJYS1MGD,1584,English,37,Female,White,United States,United States,United States,English,No,Full-Time
688600260bb322662f5034f2,63dd3dd2593c92be97d8dbde,APPROVED,Not Applicable,2025-07-27T10:32:11.374000Z,2025-07-27T10:35:10.301000Z,2025-07-29T06:35:57.868000Z,2025-07-27T10:35:10.795498Z,179.0,CJYS1MGD,6128,English,22,Male,Asian,United States,United States,United States,English,No,Unemployed (and job seeking)
68860038cd231318cfb59526,6717a3ab506a42c9725a54ab,TIMED-OUT,Not Applicable,2025-07-27T10:32:24.092000Z,,,2025-07-29T06:33:38.502666Z,158475.0,,2350,English,25,Female,White,United States,United States,United States,English,Yes,Full-Time
688600aa8f63705d0ce9aebc,669f0372343e26023ee5c023,APPROVED,Not Applicable,2025-07-27T10:34:51.561000Z,2025-07-27T11:02:39.216000Z,2025-07-29T06:36:26.421000Z,2025-07-27T11:02:39.706086Z,1668.0,CJYS1MGD,1011,English,68,Female,Black,United States,United States,United States,English,DATA_EXPIRED,DATA_EXPIRED
688600cb1f8cdf4cf04aa48b,651865050634b0ca55fc0d0d,APPROVED,Not Applicable,2025-07-27T10:34:56.924000Z,2025-07-27T11:00:21.738000Z,2025-07-29T06:35:58.271000Z,2025-07-27T11:00:22.260493Z,1525.0,CJYS1MGD,3357,"English, Tagalog-Filipino",36,Male,Asian,Philippines,United States,United States,English,No,Full-Time
688600d8a062cbe1a82f139c,67e41073845419aa20c5dcfe,APPROVED,Not Applicable,2025-07-27T10:38:42.221000Z,2025-07-27T10:52:27.655000Z,2025-07-29T06:36:26.935000Z,2025-07-27T10:52:28.141584Z,826.0,CJYS1MGD,780,English,44,Female,White,United Kingdom,United States,United States,English,DATA_EXPIRED,Full-Time
688600fa2908d43de112b3e4,62728a4122289635e97d12f2,APPROVED,Not Applicable,2025-07-27T10:35:45.626000Z,2025-07-27T10:40:32.273000Z,2025-07-29T06:35:58.684000Z,2025-07-27T10:40:32.754663Z,287.0,CJYS1MGD,2175,English,42,Male,White,United States,United States,United States,English,Yes,Unemployed (and job seeking)
68860112949652d8330e12e2,62cbf51439a76e8fccd8a495,APPROVED,Not Applicable,2025-07-27T10:37:17.192000Z,2025-07-27T10:52:21.601000Z,2025-07-29T06:36:27.395000Z,2025-07-27T10:52:22.110888Z,905.0,CJYS1MGD,8853,English,61,Female,White,United States,United States,United States,English,No,Full-Time
688601176e5bdd8db4e61ded,67f1354157bc12085650777c,APPROVED,Not Applicable,2025-07-27T10:36:07.062000Z,2025-07-27T10:50:07.359000Z,2025-07-29T06:35:59.072000Z,2025-07-27T10:50:07.876487Z,841.0,CJYS1MGD,1035,English,28,Male,Black,United States,United States,United States,English,No,Full-Time
6886011ad6546d00f5412228,5dd3699ee73e6136c640f1cf,APPROVED,Not Applicable,2025-07-27T10:36:16.483000Z,2025-07-27T10:46:39.172000Z,2025-07-29T06:35:59.458000Z,2025-07-27T10:46:39.658179Z,623.0,CJYS1MGD,3334,English,48,Male,White,United States,United States,United States,English,No,Full-Time
68860120a2338ed0df63e193,6418e61f3b8276ec30d33995,APPROVED,Not Applicable,2025-07-27T10:43:17.998000Z,2025-07-27T11:00:25.162000Z,2025-07-29T06:35:59.873000Z,2025-07-27T11:00:25.678228Z,1028.0,CJYS1MGD,1107,English,27,Male,Black,United States,United States,United States,English,No,Part-Time
6886014121038dca4d69781a,63e630188c3e4ac4a92b1ff5,APPROVED,Not Applicable,2025-07-27T10:46:38.689000Z,2025-07-27T10:55:27.881000Z,2025-07-29T06:36:00.303000Z,2025-07-27T10:55:28.374429Z,530.0,CJYS1MGD,6654,English,50,Male,White,United States,United States,United States,English,No,Full-Time
6886019a1beda2fc036cdd32,63d7b776a9923fe2a69d36bd,APPROVED,Not Applicable,2025-07-27T10:38:29.004000Z,2025-07-27T10:42:06.342000Z,2025-07-29T06:36:00.709000Z,2025-07-27T10:42:06.818036Z,218.0,CJYS1MGD,2842,English,34,Male,Black,United States,United States,United States,English,No,Full-Time
688601b21c0eabb75a60e753,60367f78082e3dedb8238ea3,APPROVED,Not Applicable,2025-07-27T10:38:49.236000Z,2025-07-27T10:45:16.168000Z,2025-07-29T06:36:27.965000Z,2025-07-27T10:45:16.682976Z,387.0,CJYS1MGD,9015,English,79,Female,White,United States,United States,United States,English,No,Full-Time
688601c71f8cdf4cf04aa4a8,682f2c569acdb8d4c8694e13,APPROVED,Not Applicable,2025-07-27T10:40:35.678000Z,2025-07-27T10:47:29.707000Z,2025-07-29T06:36:01.129000Z,2025-07-27T10:47:30.154484Z,415.0,CJYS1MGD,581,English,35,Male,Black,United States,United States,United States,English,No,Part-Time
688601dfa8f2632d5ad998a3,62b07ac53b83bf0683eda6b6,APPROVED,Not Applicable,2025-07-27T10:39:39.573000Z,2025-07-27T10:48:58.912000Z,2025-07-29T06:36:28.420000Z,2025-07-27T10:48:59.411474Z,560.0,CJYS1MGD,7165,English,42,Female,White,United States,United States,United States,English,No,Part-Time
688601e22232189602e23792,67cac313455c52c511f790a0,RETURNED,Not Applicable,2025-07-27T10:40:05.199000Z,,,2025-07-29T06:33:38.502970Z,,,293,CONSENT_REVOKED,CONSENT_REVOKED,CONSENT_REVOKED,CONSENT_REVOKED,CONSENT_REVOKED,CONSENT_REVOKED,CONSENT_REVOKED,CONSENT_REVOKED,CONSENT_REVOKED,CONSENT_REVOKED
688601edcd3c690a5575f152,614deec82f82c126feeddf3d,APPROVED,Not Applicable,2025-07-27T10:39:48.853000Z,2025-07-27T10:45:25.510000Z,2025-07-29T06:36:01.528000Z,2025-07-27T10:45:25.983997Z,337.0,CJYS1MGD,417,English,37,Male,White,United States,United States,United States,English,No,Unemployed (and job seeking)
68860207f98d2999f3c1f9b3,67ed8799d312ce968a00692b,APPROVED,Not Applicable,2025-07-27T10:40:12.328000Z,2025-07-27T10:54:17.169000Z,2025-07-29T06:36:28.873000Z,2025-07-27T10:54:17.681703Z,845.0,CJYS1MGD,1633,English,54,Female,Black,United States,United States,United States,English,Yes,Full-Time
688602174ddaba1adbaf3164,65a4598a91a3f0e75374a8c4,APPROVED,Not Applicable,2025-07-27T10:40:29.817000Z,2025-07-27T10:43:11.599000Z,2025-07-29T06:36:29.365000Z,2025-07-27T10:43:12.106631Z,162.0,CJYS1MGD,515,English,30,Female,White,United States,United States,United States,English,DATA_EXPIRED,DATA_EXPIRED
6886021a49af706e8fa2e171,66f7e8f5a7ee4726c04942de,APPROVED,Not Applicable,2025-07-27T10:40:39.150000Z,2025-07-27T10:46:29.626000Z,2025-07-29T06:36:29.797000Z,2025-07-27T10:46:30.106148Z,351.0,CJYS1MGD,1308,English,44,Female,White,United States,United States,United States,English,No,DATA_EXPIRED
68860229408ef2d3908dabb7,66536bcd1febb9fc714b6922,APPROVED,Not Applicable,2025-07-27T10:40:45.477000Z,2025-07-27T10:49:00.301000Z,2025-07-29T06:36:01.922000Z,2025-07-27T10:49:00.769714Z,495.0,CJYS1MGD,762,English,47,Male,Black,United States,United States,United States,English,DATA_EXPIRED,DATA_EXPIRED
6886023598747298c5f3b498,6554ea27378d1f1b846788b3,APPROVED,Not Applicable,2025-07-27T10:40:53.873000Z,2025-07-27T10:51:30.422000Z,2025-07-29T06:36:02.362000Z,2025-07-27T10:51:30.935888Z,637.0,CJYS1MGD,4001,English,47,Male,Black,United States,United States,United States,English,DATA_EXPIRED,DATA_EXPIRED
6886023c9f28313a18cedbcc,61283769a39dd638c256540c,APPROVED,Not Applicable,2025-07-27T10:41:05.956000Z,2025-07-27T10:52:02.776000Z,2025-07-29T06:36:03.464000Z,2025-07-27T10:52:03.304125Z,657.0,CJYS1MGD,6467,English,48,Male,White,United States,United States,United States,English,DATA_EXPIRED,DATA_EXPIRED
6886028177c57cdffabd565e,67d384729cfcada6f4f573de,APPROVED,Not Applicable,2025-07-27T10:43:51.332000Z,2025-07-27T10:57:19.203000Z,2025-07-29T06:36:30.223000Z,2025-07-27T10:57:19.685304Z,808.0,CJYS1MGD,806,English,30,Female,White,United States,United States,United States,English,Yes,Full-Time
688602dd3318f9e7e60fba09,67f2e663124c56672ad024e7,APPROVED,Not Applicable,2025-07-27T10:44:56.760000Z,2025-07-27T11:01:58.239000Z,2025-07-29T06:36:30.655000Z,2025-07-27T11:01:58.728569Z,1022.0,CJYS1MGD,331,English,33,Female,Black,United States,United States,United States,English,Yes,Full-Time
688602e046401433281445f4,644b1e452a0061d713dcbf4a,APPROVED,Not Applicable,2025-07-27T10:45:11.855000Z,2025-07-27T11:10:59.462000Z,2025-07-29T06:36:03.887000Z,2025-07-27T11:10:59.991406Z,1548.0,CJYS1MGD,1745,English,51,Male,Asian,Vietnam,United States,United States,English,No,Unemployed (and job seeking)
6886043df8c5ba9df84bcdb2,6572244f5a6d2b943074aa73,APPROVED,Not Applicable,2025-07-27T10:49:39.682000Z,2025-07-27T10:56:44.533000Z,2025-07-29T06:36:31.067000Z,2025-07-27T10:56:45.050751Z,425.0,CJYS1MGD,1639,"English, French",66,Female,White,United States,United States,United States,English,DATA_EXPIRED,DATA_EXPIRED
68860a481615330e290ab482,67fec87adf3559492e04deb1,APPROVED,Not Applicable,2025-07-27T11:15:27.325000Z,2025-07-27T11:28:39.390000Z,2025-07-29T06:36:32.410000Z,2025-07-27T11:28:40.149584Z,793.0,CJYS1MGD,68,English,52,Female,White,United States,United States,United States,English,No,Unemployed (and job seeking)
